0,0.040930175781255684
0.00022482872009277344,0.040930175781255684
0.0003707408905029297,0.040930175781255684
0.0004699230194091797,0.040930175781255684
0.0005593299865722656,0.040930175781255684
0.0006453990936279297,0.040930175781255684
0.0007305145263671875,0.041487121582036934
0.0008146762847900391,0.041487121582036934
0.0009059906005859375,0.041487121582036934
0.0009918212890625,0.041487121582036934
0.00107574462890625,0.041487121582036934
0.0011594295501708984,0.041487121582036934
0.0012433528900146484,0.041487121582036934
0.0013263225555419922,0.041487121582036934
0.0014121532440185547,0.041487121582036934
0.001495361328125,0.041487121582036934
0.001580953598022461,0.041487121582036934
0.0016999244689941406,0.041967773437505684
0.001786947250366211,0.041967773437505684
0.001870870590209961,0.041967773437505684
0.0019614696502685547,0.041967773437505684
0.0020461082458496094,0.041967773437505684
0.0021293163299560547,0.041967773437505684
0.002213001251220703,0.041967773437505684
0.0022962093353271484,0.041967773437505684
0.0023801326751708984,0.041967773437505684
0.0024671554565429688,0.041967773437505684
0.002550840377807617,0.041967773437505684
0.0026340484619140625,0.041967773437505684
0.002717256546020508,0.041967773437505684
0.0028007030487060547,0.042448425292974434
0.0028836727142333984,0.042448425292974434
0.0029764175415039062,0.042448425292974434
0.0030603408813476562,0.042448425292974434
0.003145456314086914,0.042448425292974434
0.003229856491088867,0.042448425292974434
0.003326892852783203,0.042448425292974434
0.00341796875,0.042448425292974434
0.0035021305084228516,0.042448425292974434
0.003585338592529297,0.042448425292974434
0.0036678314208984375,0.042448425292974434
0.0037565231323242188,0.042929077148443184
0.003842592239379883,0.042929077148443184
0.003934144973754883,0.042929077148443184
0.00402379035949707,0.042929077148443184
0.0041081905364990234,0.042929077148443184
0.00419163703918457,0.042929077148443184
0.004279375076293945,0.042929077148443184
0.004363059997558594,0.042929077148443184
0.004448413848876953,0.042929077148443184
0.0045318603515625,0.042929077148443184
0.004622936248779297,0.043409729003911934
0.00470733642578125,0.043409729003911934
0.00479888916015625,0.043409729003911934
0.0048828125,0.043409729003911934
0.004971027374267578,0.043409729003911934
0.005054473876953125,0.043409729003911934
0.005137205123901367,0.043409729003911934
0.0052204132080078125,0.043409729003911934
0.005303859710693359,0.043409729003911934
0.0053937435150146484,0.043409729003911934
0.005479335784912109,0.043409729003911934
0.005562305450439453,0.043409729003911934
0.005666971206665039,0.043409729003911934
0.0057528018951416016,0.043409729003911934
0.005836009979248047,0.043890380859380684
0.005925178527832031,0.043890380859380684
0.006009101867675781,0.043890380859380684
0.0060923099517822266,0.043890380859380684
0.00617527961730957,0.043890380859380684
0.006280183792114258,0.043890380859380684
0.006365776062011719,0.043890380859380684
0.006451845169067383,0.043890380859380684
0.006539106369018555,0.043890380859380684
0.006623744964599609,0.043890380859380684
0.0067059993743896484,0.043890380859380684
0.0068035125732421875,0.043890380859380684
0.006887674331665039,0.043890380859380684
0.006977081298828125,0.043890380859380684
0.007059574127197266,0.043890380859380684
0.007146358489990234,0.043890380859380684
0.0072290897369384766,0.043890380859380684
0.0073108673095703125,0.043890380859380684
0.007394552230834961,0.043890380859380684
0.007477760314941406,0.043890380859380684
0.007559776306152344,0.043890380859380684
0.007642030715942383,0.043890380859380684
0.00772404670715332,0.044371032714849434
0.007809162139892578,0.044371032714849434
0.007915019989013672,0.044371032714849434
0.008012533187866211,0.044371032714849434
0.008097171783447266,0.044371032714849434
0.008194446563720703,0.044371032714849434
0.00827789306640625,0.044371032714849434
0.008359909057617188,0.044371032714849434
0.008445262908935547,0.044371032714849434
0.008528470993041992,0.044371032714849434
0.008610963821411133,0.044371032714849434
0.008701562881469727,0.044371032714849434
0.008787393569946289,0.044371032714849434
0.00886988639831543,0.044371032714849434
0.008965492248535156,0.044371032714849434
0.009049415588378906,0.044371032714849434
0.009132623672485352,0.044851684570318184
0.009215116500854492,0.044851684570318184
0.009298086166381836,0.044851684570318184
0.009381532669067383,0.044851684570318184
0.009469032287597656,0.044851684570318184
0.009552001953125,0.044851684570318184
0.00966334342956543,0.044851684570318184
0.009795904159545898,0.044851684570318184
0.009880304336547852,0.044851684570318184
0.009969711303710938,0.044851684570318184
0.010080337524414062,0.044851684570318184
0.01028299331665039,0.044851684570318184
0.01047205924987793,0.044851684570318184
0.010653018951416016,0.044851684570318184
0.010853767395019531,0.044851684570318184
0.0110321044921875,0.044851684570318184
0.011193037033081055,0.044851684570318184
0.011351346969604492,0.044851684570318184
0.011513471603393555,0.045332336425786934
0.011671304702758789,0.045332336425786934
0.011828899383544922,0.045332336425786934
0.011991500854492188,0.045332336425786934
0.012149572372436523,0.045332336425786934
0.012308835983276367,0.045332336425786934
0.012494325637817383,0.045812988281255684
0.012661218643188477,0.045812988281255684
0.012819051742553711,0.045812988281255684
0.01298379898071289,0.045812988281255684
0.013143062591552734,0.045812988281255684
0.013300895690917969,0.045812988281255684
0.013459205627441406,0.045812988281255684
0.013614416122436523,0.045812988281255684
0.01377415657043457,0.045812988281255684
0.013931751251220703,0.045812988281255684
0.014089107513427734,0.045812988281255684
0.014246463775634766,0.045812988281255684
0.014403104782104492,0.045812988281255684
0.014559745788574219,0.045812988281255684
0.014724969863891602,0.046293640136724434
0.014884233474731445,0.046293640136724434
0.015044450759887695,0.046293640136724434
0.01520085334777832,0.046293640136724434
0.015357017517089844,0.046293640136724434
0.015519857406616211,0.046293640136724434
0.015677690505981445,0.046293640136724434
0.01583576202392578,0.046293640136724434
0.016019344329833984,0.046293640136724434
0.016181468963623047,0.046293640136724434
0.016338348388671875,0.046293640136724434
0.016498804092407227,0.046293640136724434
0.016656160354614258,0.046293640136724434
0.016813993453979492,0.046293640136724434
0.016976356506347656,0.046293640136724434
0.017134666442871094,0.046293640136724434
0.017291784286499023,0.046293640136724434
0.017451763153076172,0.046293640136724434
0.017603397369384766,0.046293640136724434
0.017769813537597656,0.046293640136724434
0.017930984497070312,0.046293640136724434
0.018088579177856445,0.046293640136724434
0.01824665069580078,0.046293640136724434
0.018404245376586914,0.046293640136724434
0.018562793731689453,0.046293640136724434
0.018720149993896484,0.046293640136724434
0.01893448829650879,0.046293640136724434
0.019222497940063477,0.046293640136724434
0.019433975219726562,0.046293640136724434
0.01966714859008789,0.046293640136724434
0.019849777221679688,0.046293640136724434
0.020013093948364258,0.046293640136724434
0.020174503326416016,0.046774291992193184
0.02033519744873047,0.046774291992193184
0.020514249801635742,0.046774291992193184
0.020679950714111328,0.046774291992193184
0.02085709571838379,0.046774291992193184
0.02102804183959961,0.046774291992193184
0.021207332611083984,0.046774291992193184
0.02139449119567871,0.046774291992193184
0.021557331085205078,0.046774291992193184
0.021735191345214844,0.046774291992193184
0.021896839141845703,0.046774291992193184
0.02205657958984375,0.046774291992193184
0.0222165584564209,0.046774291992193184
0.022402286529541016,0.046774291992193184
0.02256464958190918,0.046774291992193184
0.02272176742553711,0.046774291992193184
0.022889375686645508,0.046774291992193184
0.02308821678161621,0.046774291992193184
0.023271560668945312,0.046774291992193184
0.023476123809814453,0.046774291992193184
0.02364659309387207,0.046774291992193184
0.023845672607421875,0.046774291992193184
0.024041175842285156,0.046774291992193184
0.02420806884765625,0.046774291992193184
0.024392366409301758,0.046774291992193184
0.024555206298828125,0.046774291992193184
0.024726152420043945,0.046774291992193184
0.024931907653808594,0.047735595703130684
0.0251922607421875,0.047735595703130684
0.02543330192565918,0.047735595703130684
0.025693178176879883,0.047735595703130684
0.02593231201171875,0.047735595703130684
0.026185989379882812,0.047735595703130684
0.026380538940429688,0.047735595703130684
0.026549339294433594,0.047735595703130684
0.026712417602539062,0.047735595703130684
0.026905536651611328,0.047735595703130684
0.02707839012145996,0.048216247558599434
0.027240753173828125,0.048216247558599434
0.027417659759521484,0.048216247558599434
0.027578353881835938,0.048216247558599434
0.027736425399780273,0.048216247558599434
0.027969837188720703,0.048696899414068184
0.028203248977661133,0.048696899414068184
0.028376340866088867,0.048696899414068184
0.02857065200805664,0.048696899414068184
0.02873396873474121,0.048696899414068184
0.028949737548828125,0.048696899414068184
0.029217243194580078,0.048696899414068184
0.02940225601196289,0.048696899414068184
0.029572010040283203,0.048696899414068184
0.029795408248901367,0.048696899414068184
0.029968976974487305,0.048696899414068184
0.030180931091308594,0.049177551269536934
0.030341386795043945,0.049177551269536934
0.030502796173095703,0.049177551269536934
0.03066110610961914,0.049177551269536934
0.03082442283630371,0.049177551269536934
0.03098320960998535,0.049177551269536934
0.03114032745361328,0.049177551269536934
0.031301259994506836,0.049177551269536934
0.031464576721191406,0.049177551269536934
0.03163790702819824,0.049177551269536934
0.031803131103515625,0.049177551269536934
0.0319666862487793,0.049177551269536934
0.032124996185302734,0.049177551269536934
0.032282352447509766,0.049658203125005684
0.03245186805725098,0.049658203125005684
0.03261590003967285,0.049658203125005684
0.03277420997619629,0.049658203125005684
0.032933712005615234,0.049658203125005684
0.03309226036071777,0.049658203125005684
0.033249616622924805,0.049658203125005684
0.03340768814086914,0.049658203125005684
0.033566951751708984,0.049658203125005684
0.03374671936035156,0.049658203125005684
0.03391265869140625,0.049658203125005684
0.0340728759765625,0.049658203125005684
0.03423166275024414,0.049658203125005684
0.034389495849609375,0.049658203125005684
0.03454709053039551,0.049658203125005684
0.03471684455871582,0.049658203125005684
0.03494524955749512,0.049658203125005684
0.03520369529724121,0.049658203125005684
0.03537940979003906,0.049658203125005684
0.03557181358337402,0.049658203125005684
0.035736083984375,0.049658203125005684
0.035898685455322266,0.049658203125005684
0.036060333251953125,0.050138854980474434
0.03622031211853027,0.050138854980474434
0.03638172149658203,0.050138854980474434
0.0365447998046875,0.050138854980474434
0.03670167922973633,0.050138854980474434
0.03686380386352539,0.050138854980474434
0.037026405334472656,0.050138854980474434
0.0371851921081543,0.050138854980474434
0.03734278678894043,0.050138854980474434
0.03750920295715332,0.050138854980474434
0.03767991065979004,0.050138854980474434
0.037842512130737305,0.050138854980474434
0.03800368309020996,0.050138854980474434
0.0381617546081543,0.050138854980474434
0.038341522216796875,0.050138854980474434
0.038561344146728516,0.050138854980474434
0.038724422454833984,0.050138854980474434
0.03888511657714844,0.050138854980474434
0.03905296325683594,0.050138854980474434
0.039211273193359375,0.050138854980474434
0.0393681526184082,0.050138854980474434
0.03953099250793457,0.050138854980474434
0.03969717025756836,0.050138854980474434
0.03985428810119629,0.050138854980474434
0.04002237319946289,0.050138854980474434
0.04019904136657715,0.050138854980474434
0.04038190841674805,0.050138854980474434
0.04056954383850098,0.050138854980474434
0.04072880744934082,0.050138854980474434
0.04088759422302246,0.050138854980474434
0.041053056716918945,0.050138854980474434
0.04121065139770508,0.050138854980474434
0.041367292404174805,0.050138854980474434
0.041532278060913086,0.050138854980474434
0.0417020320892334,0.050138854980474434
0.04186296463012695,0.050138854980474434
0.0420229434967041,0.050138854980474434
0.04218435287475586,0.050138854980474434
0.04234170913696289,0.050138854980474434
0.04250359535217285,0.050138854980474434
0.042661428451538086,0.050138854980474434
0.04281902313232422,0.050138854980474434
0.04307126998901367,0.050138854980474434
0.04331684112548828,0.050138854980474434
0.043498992919921875,0.050138854980474434
0.043665170669555664,0.050138854980474434
0.04382777214050293,0.050138854980474434
0.04398846626281738,0.050138854980474434
0.04414796829223633,0.050138854980474434
0.04433274269104004,0.050138854980474434
0.04450082778930664,0.050138854980474434
0.044672250747680664,0.050138854980474434
0.04495120048522949,0.050138854980474434
0.045218706130981445,0.050138854980474434
0.045430660247802734,0.050138854980474434
0.04561805725097656,0.050138854980474434
0.045786380767822266,0.050138854980474434
0.045957088470458984,0.050138854980474434
0.046117544174194336,0.050138854980474434
0.0462801456451416,0.050138854980474434
0.04644274711608887,0.050138854980474434
0.046604156494140625,0.050138854980474434
0.04676222801208496,0.050138854980474434
0.04697227478027344,0.050138854980474434
0.04722142219543457,0.050138854980474434
0.04740786552429199,0.050138854980474434
0.047576904296875,0.050138854980474434
0.04773974418640137,0.050138854980474434
0.04793858528137207,0.050138854980474434
0.04810333251953125,0.050138854980474434
0.04826164245605469,0.050138854980474434
0.048423051834106445,0.050138854980474434
0.0485844612121582,0.050138854980474434
0.04874300956726074,0.050138854980474434
0.04890632629394531,0.050138854980474434
0.04907107353210449,0.050138854980474434
0.04922986030578613,0.050138854980474434
0.04939126968383789,0.050619506835943184
0.04954838752746582,0.050619506835943184
0.04972672462463379,0.050619506835943184
0.04997754096984863,0.050619506835943184
0.050295352935791016,0.050619506835943184
0.050542593002319336,0.050619506835943184
0.05071878433227539,0.050619506835943184
0.05093717575073242,0.050619506835943184
0.05119442939758301,0.050619506835943184
0.05137348175048828,0.050619506835943184
0.05160331726074219,0.050619506835943184
0.051841020584106445,0.050619506835943184
0.05203557014465332,0.050619506835943184
0.05220365524291992,0.050619506835943184
0.05237865447998047,0.051100158691411934
0.052585601806640625,0.051100158691411934
0.05282878875732422,0.051100158691411934
0.05302858352661133,0.051100158691411934
0.05319476127624512,0.051100158691411934
0.05338883399963379,0.051100158691411934
0.053555965423583984,0.051100158691411934
0.05373954772949219,0.051100158691411934
0.053899288177490234,0.051100158691411934
0.054060935974121094,0.051100158691411934
0.05421805381774902,0.051100158691411934
0.05438041687011719,0.051100158691411934
0.05453824996948242,0.051100158691411934
0.054704904556274414,0.051100158691411934
0.05486416816711426,0.051100158691411934
0.05502438545227051,0.051100158691411934
0.055236101150512695,0.051100158691411934
0.05544567108154297,0.051100158691411934
0.05561041831970215,0.051100158691411934
0.055773258209228516,0.051100158691411934
0.055939435958862305,0.051100158691411934
0.056099653244018555,0.051100158691411934
0.05631136894226074,0.051100158691411934
0.05649280548095703,0.051100158691411934
0.056654930114746094,0.051100158691411934
0.05681347846984863,0.051100158691411934
0.05697154998779297,0.051100158691411934
0.05718374252319336,0.051100158691411934
0.057364463806152344,0.051100158691411934
0.057527780532836914,0.051580810546880684
0.05769968032836914,0.051580810546880684
0.05785965919494629,0.051580810546880684
0.05810666084289551,0.051580810546880684
0.05835747718811035,0.051580810546880684
0.05865931510925293,0.052061462402349434
0.058929443359375,0.052061462402349434
0.05918312072753906,0.052061462402349434
0.0593869686126709,0.052061462402349434
0.05955839157104492,0.052061462402349434
0.05973076820373535,0.052061462402349434
0.05989384651184082,0.052542114257818184
0.06005430221557617,0.052542114257818184
0.06021380424499512,0.052542114257818184
0.060372114181518555,0.052542114257818184
0.06053042411804199,0.052542114257818184
0.060688018798828125,0.052542114257818184
0.06086421012878418,0.052542114257818184
0.06104397773742676,0.052542114257818184
0.06127023696899414,0.053022766113286934
0.06151843070983887,0.053022766113286934
0.06173872947692871,0.053022766113286934
0.06190752983093262,0.053022766113286934
0.06207108497619629,0.053022766113286934
0.062232017517089844,0.053022766113286934
0.0624082088470459,0.053022766113286934
0.06256675720214844,0.053503417968755684
0.06274700164794922,0.053503417968755684
0.06293582916259766,0.053503417968755684
0.06309843063354492,0.053503417968755684
0.0632791519165039,0.053503417968755684
0.06344079971313477,0.053503417968755684
0.0635986328125,0.053503417968755684
0.0637662410736084,0.053503417968755684
0.06393241882324219,0.053503417968755684
0.06409502029418945,0.053503417968755684
0.06426048278808594,0.053503417968755684
0.06443238258361816,0.053503417968755684
0.0645902156829834,0.053503417968755684
0.06475710868835449,0.053503417968755684
0.06491422653198242,0.053503417968755684
0.06507587432861328,0.053503417968755684
0.06523323059082031,0.053503417968755684
0.06540918350219727,0.053503417968755684
0.0655672550201416,0.053984069824224434
0.06573653221130371,0.053984069824224434
0.06589651107788086,0.053984069824224434
0.06605339050292969,0.053984069824224434
0.06621098518371582,0.053984069824224434
0.0663905143737793,0.053984069824224434
0.06665658950805664,0.054464721679693184
0.06682062149047852,0.054464721679693184
0.06697964668273926,0.054464721679693184
0.06713747978210449,0.054464721679693184
0.06729626655578613,0.054464721679693184
0.06745767593383789,0.054464721679693184
0.06761765480041504,0.054464721679693184
0.06777477264404297,0.054464721679693184
0.06793665885925293,0.054464721679693184
0.06809353828430176,0.054464721679693184
0.06825041770935059,0.054464721679693184
0.06840872764587402,0.054464721679693184
0.06856513023376465,0.054945373535161934
0.06872439384460449,0.054945373535161934
0.06888198852539062,0.054945373535161934
0.06903910636901855,0.054945373535161934
0.06919503211975098,0.054945373535161934
0.06936073303222656,0.054945373535161934
0.0695197582244873,0.054945373535161934
0.06969928741455078,0.054945373535161934
0.06992006301879883,0.054945373535161934
0.07017683982849121,0.054945373535161934
0.07035326957702637,0.054945373535161934
0.07054615020751953,0.054945373535161934
0.07071137428283691,0.055426025390630684
0.07087230682373047,0.055426025390630684
0.07103538513183594,0.055426025390630684
0.0712580680847168,0.055426025390630684
0.07144880294799805,0.055426025390630684
0.07161355018615723,0.055426025390630684
0.07178974151611328,0.055426025390630684
0.07198190689086914,0.055426025390630684
0.07215666770935059,0.055426025390630684
0.07231760025024414,0.055426025390630684
0.07248139381408691,0.055906677246099434
0.07264423370361328,0.055906677246099434
0.07280182838439941,0.055906677246099434
0.07295894622802734,0.055906677246099434
0.07311701774597168,0.055906677246099434
0.07338500022888184,0.055906677246099434
0.07360982894897461,0.055906677246099434
0.07380843162536621,0.055906677246099434
0.07398533821105957,0.055906677246099434
0.07414817810058594,0.055906677246099434
0.07430815696716309,0.055906677246099434
0.07446694374084473,0.055906677246099434
0.0746614933013916,0.055906677246099434
0.07483243942260742,0.055906677246099434
0.07499432563781738,0.055906677246099434
0.07515287399291992,0.055906677246099434
0.07531118392944336,0.055906677246099434
0.07546782493591309,0.055906677246099434
0.07562470436096191,0.055906677246099434
0.07579374313354492,0.055906677246099434
0.07595968246459961,0.055906677246099434
0.07611775398254395,0.055906677246099434
0.07627511024475098,0.055906677246099434
0.0764317512512207,0.055906677246099434
0.07659053802490234,0.055906677246099434
0.07674860954284668,0.055906677246099434
0.07691645622253418,0.055906677246099434
0.07707595825195312,0.055906677246099434
0.07723402976989746,0.055906677246099434
0.0773921012878418,0.055906677246099434
0.07754826545715332,0.055906677246099434
0.07773280143737793,0.055906677246099434
0.07790899276733398,0.055906677246099434
0.07806682586669922,0.055906677246099434
0.07822513580322266,0.055906677246099434
0.07838177680969238,0.055906677246099434
0.07853865623474121,0.055906677246099434
0.07869482040405273,0.055906677246099434
0.078857421875,0.055906677246099434
0.07901453971862793,0.055906677246099434
0.07917070388793945,0.055906677246099434
0.0793309211730957,0.055906677246099434
0.07948899269104004,0.055906677246099434
0.07969141006469727,0.055906677246099434
0.07988905906677246,0.055906677246099434
0.08005356788635254,0.055906677246099434
0.08021402359008789,0.055906677246099434
0.08037209510803223,0.055906677246099434
0.0805349349975586,0.055906677246099434
0.08069491386413574,0.055906677246099434
0.08085870742797852,0.055906677246099434
0.08101820945739746,0.055906677246099434
0.08117914199829102,0.055906677246099434
0.08133745193481445,0.055906677246099434
0.0814971923828125,0.055906677246099434
0.08165502548217773,0.055906677246099434
0.08181595802307129,0.055906677246099434
0.08197975158691406,0.055906677246099434
0.08214378356933594,0.055906677246099434
0.08230352401733398,0.055906677246099434
0.08246207237243652,0.055906677246099434
0.08261990547180176,0.055906677246099434
0.08279228210449219,0.055906677246099434
0.08295512199401855,0.055906677246099434
0.0831146240234375,0.055906677246099434
0.08327507972717285,0.055906677246099434
0.0834345817565918,0.055906677246099434
0.08359479904174805,0.055906677246099434
0.08375287055969238,0.055906677246099434
0.08391475677490234,0.056387329101568184
0.08407163619995117,0.056387329101568184
0.0842294692993164,0.056387329101568184
0.08438706398010254,0.056387329101568184
0.08454513549804688,0.056387329101568184
0.08471441268920898,0.056387329101568184
0.08487844467163086,0.056387329101568184
0.0850377082824707,0.056387329101568184
0.08519625663757324,0.056387329101568184
0.08535432815551758,0.056387329101568184
0.08551239967346191,0.056387329101568184
0.08568000793457031,0.056387329101568184
0.08583807945251465,0.056387329101568184
0.08599686622619629,0.056387329101568184
0.08615684509277344,0.056387329101568184
0.0863332748413086,0.056387329101568184
0.08649373054504395,0.056387329101568184
0.08665180206298828,0.056387329101568184
0.08680915832519531,0.056387329101568184
0.08696889877319336,0.056387329101568184
0.08712625503540039,0.056387329101568184
0.08728432655334473,0.056387329101568184
0.08744215965270996,0.056387329101568184
0.08759951591491699,0.056387329101568184
0.08775806427001953,0.056387329101568184
0.08792233467102051,0.056387329101568184
0.08808088302612305,0.056387329101568184
0.08823871612548828,0.056387329101568184
0.08839631080627441,0.056387329101568184
0.08855485916137695,0.056387329101568184
0.08871245384216309,0.056387329101568184
0.08893322944641113,0.056387329101568184
0.08921241760253906,0.056387329101568184
0.08940315246582031,0.056387329101568184
0.08957600593566895,0.056387329101568184
0.08981943130493164,0.056387329101568184
0.09007453918457031,0.056387329101568184
0.09025812149047852,0.056387329101568184
0.09042596817016602,0.056387329101568184
0.09060025215148926,0.056387329101568184
0.09076571464538574,0.056387329101568184
0.09092593193054199,0.056387329101568184
0.09108972549438477,0.056387329101568184
0.09124994277954102,0.056387329101568184
0.09141063690185547,0.056387329101568184
0.09157085418701172,0.056387329101568184
0.09172916412353516,0.056387329101568184
0.0918879508972168,0.056387329101568184
0.09205222129821777,0.056867980957036934
0.09226608276367188,0.056867980957036934
0.0925142765045166,0.056867980957036934
0.0926973819732666,0.056867980957036934
0.09292244911193848,0.056867980957036934
0.09316205978393555,0.056867980957036934
0.0933370590209961,0.056867980957036934
0.09354066848754883,0.056867980957036934
0.09381699562072754,0.056867980957036934
0.09400629997253418,0.056867980957036934
0.09417462348937988,0.056867980957036934
0.09433674812316895,0.056867980957036934
0.0945279598236084,0.056867980957036934
0.09469914436340332,0.056867980957036934
0.09492254257202148,0.056867980957036934
0.09517359733581543,0.056867980957036934
0.09537672996520996,0.056867980957036934
0.0955805778503418,0.056867980957036934
0.09576678276062012,0.056867980957036934
0.09593033790588379,0.056867980957036934
0.09609270095825195,0.056867980957036934
0.0962526798248291,0.056867980957036934
0.09643101692199707,0.056867980957036934
0.09659337997436523,0.056867980957036934
0.09676742553710938,0.056867980957036934
0.09694290161132812,0.056867980957036934
0.0971064567565918,0.056867980957036934
0.09727001190185547,0.056867980957036934
0.09746026992797852,0.056867980957036934
0.09760737419128418,0.056867980957036934
0.09776878356933594,0.056867980957036934
0.09793543815612793,0.056867980957036934
0.09812593460083008,0.056867980957036934
0.09837102890014648,0.056867980957036934
0.09859561920166016,0.056867980957036934
0.09878826141357422,0.056867980957036934
0.0989842414855957,0.056867980957036934
0.09916901588439941,0.056867980957036934
0.09933233261108398,0.056867980957036934
0.09951901435852051,0.056867980957036934
0.09969091415405273,0.056867980957036934
0.09985136985778809,0.056867980957036934
0.1000213623046875,0.056867980957036934
0.1101996898651123,0.057348632812505684
0.12053680419921875,0.057348632812505684
0.13086390495300293,0.057348632812505684
0.14119529724121094,0.057348632812505684
0.15153956413269043,0.057348632812505684
0.16188287734985352,0.057829284667974434
0.17222261428833008,0.058309936523443184
0.18255376815795898,0.058790588378911934
0.19289350509643555,0.058790588378911934
0.20324397087097168,0.058790588378911934
0.21362709999084473,0.058790588378911934
0.22399258613586426,0.058790588378911934
0.23435187339782715,0.058790588378911934
0.24473094940185547,0.058790588378911934
0.25512027740478516,0.059271240234380684
0.26551198959350586,0.059751892089849434
0.27588343620300293,0.060232543945318184
0.28625059127807617,0.060232543945318184
0.296614408493042,0.060232543945318184
0.30696725845336914,0.060232543945318184
0.3173346519470215,0.060232543945318184
0.32767796516418457,0.060232543945318184
0.3380262851715088,0.060713195800786934
0.34844088554382324,0.060713195800786934
0.35878586769104004,0.060713195800786934
0.3691389560699463,0.060713195800786934
0.37949085235595703,0.060713195800786934
0.38983917236328125,0.061193847656255684
0.40018486976623535,0.061193847656255684
0.41051816940307617,0.061193847656255684
0.42087292671203613,0.061193847656255684
0.4312171936035156,0.061674499511724434
0.4415769577026367,0.06263580322266193
0.45191383361816406,0.06311645507813068
0.4622488021850586,0.06311645507813068
0.47261548042297363,0.06359710693359943
0.483043909072876,0.06407775878906818
0.4934065341949463,0.06503906250000568
0.5037574768066406,0.06551971435547443
0.5140964984893799,0.06600036621094318
0.5244166851043701,0.06600036621094318
0.5347883701324463,0.06648101806641193
0.5451169013977051,0.06648101806641193
0.5554378032684326,0.06648101806641193
0.5657539367675781,0.06648101806641193
0.576101541519165,0.06696166992188068
0.5864484310150146,0.06696166992188068
0.5967850685119629,0.06696166992188068
0.6071226596832275,0.06744232177734943
0.6174592971801758,0.06744232177734943
0.6278073787689209,0.06792297363281818
0.6381607055664062,0.06792297363281818
0.6485335826873779,0.06792297363281818
0.6588895320892334,0.06840362548828693
0.669231653213501,0.06840362548828693
0.6795897483825684,0.06889190673828693
0.6899447441101074,0.06937255859375568
0.7003545761108398,0.06985321044922443
0.7107362747192383,0.06985321044922443
0.7212047576904297,0.07033386230469318
0.7315733432769775,0.07033386230469318
0.7419474124908447,0.07033386230469318
0.7523555755615234,0.07033386230469318
0.7627131938934326,0.07033386230469318
0.773087739944458,0.07033386230469318
0.7834746837615967,0.07081451416016193
0.7938683032989502,0.07081451416016193
0.8042604923248291,0.07081451416016193
0.8146405220031738,0.07081451416016193
0.8250608444213867,0.07129516601563068
0.8354778289794922,0.07129516601563068
0.8458709716796875,0.07177581787109943
0.8562510013580322,0.07177581787109943
0.8666017055511475,0.07177581787109943
0.8769912719726562,0.07177581787109943
0.8873825073242188,0.07177581787109943
0.897740364074707,0.07177581787109943
0.9081065654754639,0.07225646972656818
0.9184761047363281,0.07225646972656818
0.9288315773010254,0.07225646972656818
0.9391865730285645,0.07225646972656818
0.9495511054992676,0.07273712158203693
0.9599318504333496,0.07273712158203693
0.9702963829040527,0.07273712158203693
0.9806544780731201,0.07273712158203693
0.99100661277771,0.07273712158203693
1.0013678073883057,0.07321777343750568
1.1018269062042236,0.07465972900391193
1.202310562133789,0.15003814697266193
1.3027679920196533,0.2954925537109432
1.403235912322998,0.3078979492187557
1.503708839416504,0.3088592529296932
1.6041595935821533,0.3107818603515682
1.7046449184417725,0.3117431640625057
1.805102825164795,0.31414642333984943
1.905609130859375,0.3155883789062557
2.006075620651245,0.31703033447266193
2.1065561771392822,0.3194335937500057
2.2070202827453613,0.3348144531250057
2.307497024536133,0.3876861572265682
2.4079792499542236,0.3886474609375057
2.508439064025879,0.3896087646484432
2.6088855266571045,0.39008941650391193
2.7093489170074463,0.3924926757812557
2.8098809719085693,0.3924926757812557
2.910398244857788,0.3934539794921932
3.0108633041381836,0.39489593505859943
3.111359119415283,0.3972991943359432
3.211845636367798,0.39970245361328693
3.312316417694092,0.4001831054687557
3.412790060043335,0.4011444091796932
3.5132670402526855,0.40354766845703693
3.6137406826019287,0.40643157958984943
3.714200019836426,0.40739288330078693
3.8146867752075195,0.40835418701172443
3.9151480197906494,0.4088348388671932
4.015605449676514,0.41027679443359943
4.116091728210449,0.4107574462890682
4.2166314125061035,0.4126800537109432
4.317080736160278,0.41508331298828693
4.417558908462524,0.4155639648437557
4.518057584762573,0.4165252685546932
4.618511199951172,0.41700592041016193
4.718962669372559,0.4184478759765682
4.819422960281372,0.42111434936524006
4.919895887374878,0.4233154296875057
5.020355939865112,0.42379608154297443
5.120835304260254,0.4242767333984432
5.221320867538452,0.4254402160644588
5.32180643081665,0.42591705322266193
5.422247886657715,0.42687835693359943
5.522719860076904,0.4283203125000057
5.623178958892822,0.4292816162109432
5.723669767379761,0.42976226806641193
5.824111461639404,0.4312042236328182
5.924591302871704,0.43168487548828693
6.025060653686523,0.43240585327149006
6.1255271434783936,0.43336715698242756
6.226015329360962,0.43432846069336506
6.32649302482605,0.4348091125488338
6.426957130432129,0.4357704162597713
6.527424573898315,0.4367317199707088
6.627892255783081,0.43721237182617756
6.728350877761841,0.4409889221191463
6.8291015625,0.4419502258300838
6.929643154144287,0.44243087768555256
7.030191659927368,0.44339218139649006
7.130778789520264,0.4445861816406307
7.231518268585205,0.4455474853515682
7.3320817947387695,0.44602813720703693
7.432820081710815,0.44602813720703693
7.533466577529907,0.44698944091797443
7.63411545753479,0.4474700927734432
7.7347986698150635,0.44795074462891193
7.835439205169678,0.44867172241211506
7.936016082763672,0.44963302612305256
8.036659240722656,0.45059432983399006
8.137643098831177,0.45155563354492756
8.2382333278656,0.45155563354492756
8.338919401168823,0.4520362854003963
8.439504861831665,0.45347824096680256
8.54018259048462,0.45347824096680256
8.640755653381348,0.45347824096680256
8.741376161575317,0.45347824096680256
8.842064142227173,0.45443954467774006
8.942623853683472,0.45443954467774006
9.043290853500366,0.4549201965332088
9.143949508666992,0.45660247802734943
9.244569540023804,0.4570831298828182
9.345365285873413,0.4570831298828182
9.445961236953735,0.4570831298828182
9.54663610458374,0.45756378173828693
9.647233009338379,0.4590057373046932
9.747817993164062,0.4590057373046932
9.848437309265137,0.4590057373046932
9.949020385742188,0.45924606323242756
10.049646139144897,0.4599670410156307
11.051255702972412,0.46501388549805256
12.052759408950806,0.4683784484863338
13.053643465042114,0.4734252929687557
14.055163860321045,0.4772705078125057
15.056926965713501,0.4811157226562557
16.057655096054077,0.48520126342774006
17.059213638305664,0.48832550048828693
18.06075644493103,0.49193038940430256
19.061657428741455,0.4955352783203182
20.06327223777771,0.49962081909180256
21.064839839935303,0.5034660339355526
22.06565284729004,0.5073112487793026
23.067299604415894,0.5099548339843807
24.068941354751587,0.5133193969726619
25.069644451141357,0.5171646118164119
26.071213722229004,0.5200485229492244
27.07325792312622,0.5236534118652401
28.07490301132202,0.5284599304199276
29.076539993286133,0.5318244934082088
30.07766032218933,0.5344680786132869
31.07919979095459,0.5371116638183651
32.080801486968994,0.5407165527343807
33.08165144920349,0.5440811157226619
34.08326268196106,0.5474456787109432
35.085044860839844,0.5508102416992244
36.0856568813324,0.5544151306152401
37.08729267120361,0.5577796936035213
38.08901572227478,0.5630668640136776
39.08964824676514,0.5659507751464901
40.091352462768555,0.5700363159179744
41.09283137321472,0.5743621826171932
42.093645095825195,0.5789283752441463
43.09526610374451,0.5832542419433651
44.09681510925293,0.5870994567871151
45.09764313697815,0.5904640197753963
46.0992386341095,0.5945495605468807
47.100693225860596,0.5981544494628963
48.101643323898315,0.6017593383789119
49.10336756706238,0.6053642272949276
50.10492157936096,0.6094497680664119
51.10565114021301,0.6137756347656307
52.107120513916016,0.6176208496093807
53.108566999435425,0.6212257385253963
54.109649896621704,0.6248306274414119
55.111111640930176,0.6279548645019588
56.11265444755554,0.6313194274902401
57.113731384277344,0.6342033386230526
58.115440368652344,0.6373275756835994
59.11702489852905,0.6392425537109432
60.11954474449158,0.6430534362793026
90.14965844154358,0.7439903259277401
120.18165850639343,0.8518547058105526
150.209645986557,0.9640602111816463
180.23766422271729,1.0768836975097713
210.26565980911255,1.1864875793457088
240.29366326332092,1.2885536193847713
270.3216540813446,1.4033760070800838
300.3496615886688,1.5120491027832088
330.3776502609253,1.6223396301269588
360.4056468009949,1.7352813720703182
390.4336621761322,1.84408798217774
420.46164655685425,1.95126571655274
450.4896547794342,2.0549377441406307
480.5176501274109,2.1659034729003963
510.54564094543457,2.2754806518554744
540.5736391544342,2.3823532104492244
570.6016669273376,2.493360900878912
600.6296575069427,2.60751571655274
660.6896505355835,2.8279479980468807
720.7496545314789,3.0478805541992244
780.8096489906311,3.224115753173834
840.8696668148041,3.2942489624023494
900.9296572208405,3.507410430908209
960.9896755218506,3.719660186767584
1021.0496473312378,3.947409057617193
1081.1096377372742,4.159300231933599
1141.1696474552155,4.381678009033209
1201.2296795845032,4.602537536621099
1261.2896609306335,4.818315887451178
1321.3496601581573,5.041117095947271
1381.409653186798,5.253286743164068
1441.4696724414825,5.473600769042974
1501.5296556949615,5.699716949462896
1561.5896530151367,5.904978179931646
1621.6496551036835,6.122240447998053
1681.7096574306488,6.338011169433599
1741.7696642875671,6.544443511962896
1801.8296599388123,6.748648071289068
1861.8896555900574,6.965612792968756
1921.949670791626,7.184992218017584
1982.009670972824,7.398569488525396
2042.069658279419,7.612963104248053
2102.1296429634094,7.821596527099615
2162.189653635025,8.031351470947271
2222.2496478557587,8.235372924804693
2282.309680700302,8.45282592773438
2342.3696529865265,8.674280548095709
2402.429669380188,8.883356475830084
2462.4896512031555,9.096510314941412
2522.5496475696564,9.3087142944336
2582.6096501350403,9.530073547363287
2642.6696548461914,9.742750549316412
2702.7296369075775,9.964529418945318
2762.7896564006805,10.184679412841803
2822.8496387004852,10.4019760131836
2882.9096508026123,10.6245101928711
2942.969646692276,10.838831329345709
3003.0296545028687,11.058969879150396
3063.0896480083466,11.284250640869146
3123.1496407985687,11.495439910888678
3183.209639310837,11.717974090576178
3243.269670724869,11.938993835449224
3303.329645872116,12.153093719482428
3363.389650821686,12.378031158447271
3423.449654340744,12.59695663452149
3483.5096497535706,12.820471191406256
3543.5696427822113,13.036535644531256
3603.6296701431274,13.267050170898443
3783.7296674251556,13.927118682861334
3963.829659461975,14.585134887695318
4143.9296724796295,15.239214324951178
4324.029640674591,16.558336639404303
4504.129709720612,16.874227905273443
4684.229659795761,17.198549652099615
4864.329647064209,17.520441436767584
5044.429650068283,17.846937561035162
5224.5296466350555,18.163038635253912
5404.629655122757,18.481882476806646
5584.729658842087,18.8015121459961
5764.829646587372,19.124086761474615
5944.929646730423,19.445356750488287
6125.029676437378,19.768354797363287
6305.129653453827,19.1337875366211
6485.229660272598,19.810881042480474
6665.329665184021,20.495226287841803
6845.429661989212,21.186342620849615
7025.529654741287,25.58025970458985
7205.629647016525,32.129640960693365
7385.729649066925,34.59159317016602
7565.829666137695,36.41759338378907
7745.929654836655,38.22721710205079
7926.029648780823,39.974924468994146
8106.129649400711,41.74147644042969
8286.229746580124,43.51756134033204
8466.329642295837,45.2846549987793
8646.429651021957,46.9434684753418
8826.529666662216,48.708097839355474
9006.629652261734,50.35277404785157
9186.729732513428,51.92159500122071
9366.829659461975,53.472589874267584
9546.92966389656,55.03945007324219
9727.029676914215,56.622229003906256
9907.129649877548,58.270380401611334
10087.229653596878,59.83414688110352
10267.329680681229,61.45749130249024
10447.42975282669,63.01191558837891
10627.529749393463,64.5616554260254
10807.629660367966,66.17153396606446
10987.72964978218,67.58455505371094
11167.830036640167,69.18166580200196
11347.929663658142,71.49953689575196
11528.0296792984,78.94078674316407
11708.129674196243,82.1544174194336
11888.229932308197,84.03636779785157
12068.329659700394,86.0329803466797
12248.42965054512,88.10710372924805
12428.529644966125,90.10195388793946
12608.62980389595,92.01625289916993
12788.72965502739,93.95018615722657
12968.829738140106,95.89168395996094
13148.92973446846,97.78035964965821
13329.029643774033,99.66059722900391
13509.129652261734,101.58363571166993
13689.229672431946,103.47394790649415
13869.32966208458,105.3815788269043
14049.429648637772,107.0435775756836
14229.529661178589,108.92549362182618
14409.629644870758,110.85416259765626
14589.729660511017,112.67827835083008
14769.829689979553,114.46917190551758
14949.92969584465,116.15404357910157
15130.029668807983,117.9090560913086
15310.129693508148,119.64836730957032
15490.229665756226,121.31301727294922
15670.329679727554,122.98949661254883
15850.429661512375,124.5190528869629
16030.529666185379,126.26862182617188
16210.629717350006,128.05587615966797
16390.729657649994,129.7529281616211
16570.829665660858,131.49205627441407
16750.929676771164,132.96044387817383
16931.02966952324,134.44113006591797
17111.129663705826,136.2291130065918
17291.229706525803,137.7612632751465
17471.354882478714,138.67436447143555
17668.01748085022,138.67167129516602
17872.48370409012,138.6718391418457
18077.51895213127,138.66906204223633
18279.835473299026,138.6688102722168
18494.376576662064,138.66761627197266
18702.57124876976,138.66864624023438
18911.351345300674,138.6697639465332
19120.505681991577,138.66947402954102
19311.82199883461,138.67003479003907
19507.46681690216,138.67099609375
19705.87368273735,138.6686653137207
19903.606057167053,138.67086639404297
20106.212035655975,138.67131271362305
20309.410084486008,138.67035903930665
20506.407747745514,138.67174758911133
20717.32821249962,138.67180099487305
20930.742557048798,138.673006439209
21136.567020893097,138.67255630493165
21336.292491436005,138.67473068237305
21543.4477622509,138.6730598449707
21751.65816116333,138.75869598388672
21932.095589399338,138.81841506958008
22112.21358895302,138.83482971191407
22302.64631319046,138.85135498046876
22482.80191373825,138.88725509643555
22687.25889825821,138.89409103393555
22899.343530654907,138.89216842651368
23101.697200775146,138.89283981323243
23309.42975616455,138.89417114257813
23496.233026266098,138.92941513061524
23689.920123815536,138.94626083374024
23894.076206207275,138.9482406616211
