0,0.0025121688842772993,1602753985.4085393
0.00020590599160641432,0.0029928207397460493,1602753985.4089024
0.00036575697595253587,0.0029928207397460493,1602753985.4090178
0.00047841898049227893,0.0029928207397460493,1602753985.4091127
0.0005721509805880487,0.0029928207397460493,1602753985.409202
0.0006617489852942526,0.0029928207397460493,1602753985.4092898
0.000748945982195437,0.0029928207397460493,1602753985.409376
0.0008356699836440384,0.0029928207397460493,1602753985.4094617
0.0009209659765474498,0.0029928207397460493,1602753985.4095469
0.0010059359774459153,0.0029928207397460493,1602753985.4096315
0.001090582984033972,0.0029928207397460493,1602753985.4097168
0.0011760939960367978,0.0034734725952147993,1602753985.409803
0.0012621909845620394,0.0034734725952147993,1602753985.409895
0.001354006992187351,0.0034734725952147993,1602753985.4099813
0.0014403369859792292,0.0034734725952147993,1602753985.4100661
0.0015251569857355207,0.0034734725952147993,1602753985.410151
0.001609813974937424,0.0034734725952147993,1602753985.4102356
0.0016946539981290698,0.0034734725952147993,1602753985.4103196
0.0017787329852581024,0.0034734725952147993,1602753985.410406
0.0018653989827726036,0.0034734725952147993,1602753985.410492
0.0019509319972712547,0.0034734725952147993,1602753985.4105835
0.0020425739930942655,0.0034734725952147993,1602753985.4107056
0.0021653549920301884,0.0037137985229491743,1602753985.4107945
0.0022537889890372753,0.0037137985229491743,1602753985.4108849
0.0023440349905285984,0.0037137985229491743,1602753985.4109704
0.0024296189949382097,0.0037137985229491743,1602753985.411056
0.002515579981263727,0.0037137985229491743,1602753985.4111412
0.002599941974040121,0.0037137985229491743,1602753985.4112253
0.0026843739906325936,0.0037137985229491743,1602753985.4113092
0.002768539998214692,0.0037137985229491743,1602753985.411393
0.002852056990377605,0.0037137985229491743,1602753985.4114769
0.0029359869949985296,0.0037137985229491743,1602753985.4115617
0.0030205889779608697,0.0037137985229491743,1602753985.411646
0.0031048939854372293,0.0037137985229491743,1602753985.4117305
0.003189515002304688,0.0037137985229491743,1602753985.411815
0.003274235990829766,0.0037137985229491743,1602753985.4119048
0.003364153002621606,0.0037137985229491743,1602753985.411997
0.0034564049856271595,0.0037137985229491743,1602753985.4120836
0.003542457998264581,0.0037137985229491743,1602753985.4121685
0.003627603000495583,0.0037137985229491743,1602753985.4122527
0.0037117329775355756,0.0037137985229491743,1602753985.4123366
0.0037957799795549363,0.0037137985229491743,1602753985.41242
0.0038790339895058423,0.0037137985229491743,1602753985.4125032
0.003962291986681521,0.004194450378417924,1602753985.412587
0.004045896988827735,0.004194450378417924,1602753985.4126706
0.004129790002480149,0.004194450378417924,1602753985.4127553
0.004214438988128677,0.004194450378417924,1602753985.4128392
0.004298371990444139,0.004194450378417924,1602753985.4129274
0.004386560001876205,0.004194450378417924,1602753985.413012
0.004470822983421385,0.004194450378417924,1602753985.4130962
0.004555073974188417,0.004194450378417924,1602753985.4131792
0.004637915000785142,0.004194450378417924,1602753985.4132624
0.0047210399934556335,0.004194450378417924,1602753985.4133456
0.0048043169954326,0.004194450378417924,1602753985.4134302
0.004889024974545464,0.004194450378417924,1602753985.4135156
0.00497457999153994,0.004194450378417924,1602753985.4136007
0.005059891002019867,0.004194450378417924,1602753985.413686
0.005145145987626165,0.004194450378417924,1602753985.4137707
0.005229762988165021,0.004194450378417924,1602753985.4138603
0.0053201569826342165,0.004194450378417924,1602753985.4139557
0.005414926999947056,0.004194450378417924,1602753985.4140427
0.005501653999090195,0.004194450378417924,1602753985.4141276
0.005586656974628568,0.004194450378417924,1602753985.4142184
0.005677863984601572,0.004675102233886674,1602753985.4143052
0.005764176981756464,0.004675102233886674,1602753985.414392
0.005851236986927688,0.004675102233886674,1602753985.4144778
0.0059366089990362525,0.004675102233886674,1602753985.4145622
0.006021266977768391,0.004675102233886674,1602753985.414664
0.006123631988884881,0.004675102233886674,1602753985.4147518
0.006210883002495393,0.004675102233886674,1602753985.4148357
0.006294710998190567,0.004675102233886674,1602753985.4149237
0.0063831949955783784,0.004675102233886674,1602753985.4150088
0.006467765982961282,0.004675102233886674,1602753985.4150927
0.006552677979925647,0.004675102233886674,1602753985.4151778
0.006636961974436417,0.004675102233886674,1602753985.4152622
0.006721176992869005,0.004675102233886674,1602753985.4153464
0.006805522978538647,0.004675102233886674,1602753985.4154313
0.006890196993481368,0.004675102233886674,1602753985.4155157
0.006974521995289251,0.004675102233886674,1602753985.4155996
0.007058661984046921,0.004675102233886674,1602753985.4156833
0.0071422729815822095,0.004675102233886674,1602753985.4157689
0.007227816997328773,0.004675102233886674,1602753985.4158545
0.007313212001463398,0.004675102233886674,1602753985.4159439
0.007402939983876422,0.004675102233886674,1602753985.4160287
0.0074877539882436395,0.004675102233886674,1602753985.4161134
0.007572371978312731,0.004675102233886674,1602753985.416197
0.007656027999473736,0.004675102233886674,1602753985.4162855
0.0077447200019378215,0.005155754089355424,1602753985.416371
0.00783030697493814,0.005155754089355424,1602753985.4164557
0.00791487397509627,0.005155754089355424,1602753985.4165409
0.0079998709843494,0.005155754089355424,1602753985.4166253
0.008084347995463759,0.005155754089355424,1602753985.416709
0.00816798399318941,0.005155754089355424,1602753985.4167922
0.008250957995187491,0.005155754089355424,1602753985.4168806
0.008339990978129208,0.005155754089355424,1602753985.4169662
0.008425132982665673,0.005155754089355424,1602753985.4170508
0.008509890991263092,0.005155754089355424,1602753985.417136
0.008594874991104007,0.005155754089355424,1602753985.41722
0.008678908983711153,0.005155754089355424,1602753985.4173043
0.00876327499281615,0.005155754089355424,1602753985.4173896
0.008848721976391971,0.005155754089355424,1602753985.4174745
0.008933745993999764,0.005155754089355424,1602753985.4175606
0.00901945200166665,0.005155754089355424,1602753985.4176464
0.00910553798894398,0.005155754089355424,1602753985.4177318
0.009191318997181952,0.005155754089355424,1602753985.4178214
0.009280492988182232,0.005155754089355424,1602753985.4179146
0.009373984998092055,0.005155754089355424,1602753985.418002
0.009461100999033079,0.005155754089355424,1602753985.4180872
0.009546227985993028,0.005155754089355424,1602753985.4181716
0.00963056698674336,0.005155754089355424,1602753985.4182558
0.009715024993056431,0.005155754089355424,1602753985.4183397
0.009798938990570605,0.005155754089355424,1602753985.4184248
0.009883783990517259,0.005155754089355424,1602753985.4185102
0.00996915198629722,0.005155754089355424,1602753985.4185963
0.010055343998828903,0.005636405944824174,1602753985.4187026
0.010273308987962082,0.005636405944824174,1602753985.418939
0.010529927996685728,0.005636405944824174,1602753985.4192727
0.010850915976334363,0.005636405944824174,1602753985.4195716
0.011184395989403129,0.005636405944824174,1602753985.4198716
0.011409672995796427,0.005636405944824174,1602753985.420065
0.011596234980970621,0.005636405944824174,1602753985.4202352
0.01176482398295775,0.005636405944824174,1602753985.4203992
0.011976403999142349,0.005636405944824174,1602753985.420626
0.012156275974120945,0.005636405944824174,1602753985.42079
0.01231921199359931,0.006117057800292924,1602753985.4209514
0.012480503995902836,0.006117057800292924,1602753985.4211175
0.012646750983549282,0.006117057800292924,1602753985.4212775
0.012806251994334161,0.006117057800292924,1602753985.421437
0.01296513099805452,0.006117057800292924,1602753985.4216
0.013128533988492563,0.006117057800292924,1602753985.4217598
0.013287781999679282,0.006117057800292924,1602753985.4219239
0.013453184976242483,0.006117057800292924,1602753985.4220881
0.013616552983876318,0.006117057800292924,1602753985.422247
0.013775311992503703,0.006597709655761674,1602753985.4224057
0.013935491995653138,0.006597709655761674,1602753985.4225707
0.014077660976909101,0.006597709655761674,1602753985.4227114
0.014239926997106522,0.006597709655761674,1602753985.4228814
0.014410869975108653,0.006597709655761674,1602753985.423055
0.014584278978873044,0.006597709655761674,1602753985.42322
0.014748408982995898,0.006597709655761674,1602753985.4233813
0.014909038989571854,0.006597709655761674,1602753985.423591
0.015122892975341529,0.006597709655761674,1602753985.4237616
0.01529330899938941,0.006597709655761674,1602753985.423927
0.015499738976359367,0.006597709655761674,1602753985.4242423
0.01578546399832703,0.006597709655761674,1602753985.424444
0.015976132999639958,0.006597709655761674,1602753985.4246218
0.01615158299682662,0.006597709655761674,1602753985.4248066
0.016336558997863904,0.006597709655761674,1602753985.4249763
0.016506141982972622,0.006597709655761674,1602753985.4251432
0.016672576981363818,0.007078361511230424,1602753985.4253514
0.01688117897720076,0.007078361511230424,1602753985.4255188
0.017048140987753868,0.007078361511230424,1602753985.425688
0.01721674099098891,0.007078361511230424,1602753985.4258568
0.01738570097950287,0.007078361511230424,1602753985.4260268
0.017558610998094082,0.007078361511230424,1602753985.4261968
0.017726327991113067,0.007078361511230424,1602753985.426363
0.017894619988510385,0.007078361511230424,1602753985.4265342
0.018082606984535232,0.007078361511230424,1602753985.4267251
0.01825506699969992,0.007078361511230424,1602753985.4268918
0.018420800974126905,0.007078361511230424,1602753985.4270568
0.018587706988910213,0.007078361511230424,1602753985.42723
0.018759403988951817,0.007078361511230424,1602753985.4273965
0.01892564698937349,0.007078361511230424,1602753985.4275608
0.019089869980234653,0.007559013366699174,1602753985.4277267
0.019255726976552978,0.007559013366699174,1602753985.4278932
0.019422194978687912,0.007559013366699174,1602753985.4280608
0.019589825998991728,0.007559013366699174,1602753985.4282336
0.01976316698710434,0.007559013366699174,1602753985.428406
0.019936990982387215,0.007559013366699174,1602753985.4285889
0.0201193829998374,0.007559013366699174,1602753985.4287615
0.020290818996727467,0.007559013366699174,1602753985.42893
0.020520869991742074,0.007559013366699174,1602753985.4291744
0.02070617798017338,0.007559013366699174,1602753985.4293478
0.020877586997812614,0.007559013366699174,1602753985.4295216
0.021052163996500894,0.007559013366699174,1602753985.4296908
0.02122033599880524,0.007559013366699174,1602753985.429858
0.02138744998956099,0.007559013366699174,1602753985.4300258
0.02155588098685257,0.007559013366699174,1602753985.4301913
0.021720825985539705,0.008039665222167924,1602753985.4303596
0.021890428994083777,0.008039665222167924,1602753985.4305303
0.022060224000597373,0.008039665222167924,1602753985.4307249
0.0222547399753239,0.008039665222167924,1602753985.4308949
0.02242383497650735,0.008039665222167924,1602753985.431063
0.022593420988414437,0.008039665222167924,1602753985.4312491
0.022780389001127332,0.008039665222167924,1602753985.431421
0.02295061998302117,0.008039665222167924,1602753985.4315882
0.02311783898039721,0.008039665222167924,1602753985.4317648
0.02329470799304545,0.008039665222167924,1602753985.4319336
0.023462811979698017,0.008039665222167924,1602753985.432105
0.02363486899412237,0.008039665222167924,1602753985.4322827
0.023812599974917248,0.008039665222167924,1602753985.4324524
0.02398180798627436,0.008039665222167924,1602753985.4326203
0.024150521989213303,0.008039665222167924,1602753985.4327924
0.024321984994458035,0.008039665222167924,1602753985.4329586
0.024487814982421696,0.008039665222167924,1602753985.4331245
0.024719005974475294,0.008039665222167924,1602753985.4334514
0.02500066297943704,0.008520317077636674,1602753985.4336522
0.02518483399762772,0.008520317077636674,1602753985.4338295
0.02536009598406963,0.008520317077636674,1602753985.4339976
0.025579223001841456,0.008520317077636674,1602753985.4342318
0.02576257797772996,0.008520317077636674,1602753985.434399
0.02594071699422784,0.008520317077636674,1602753985.4345827
0.026077552000060678,0.008520317077636674,1602753985.4347126
0.02624384599039331,0.008520317077636674,1602753985.4348764
0.026404399977764115,0.008520317077636674,1602753985.435036
0.02656386498711072,0.008520317077636674,1602753985.4351952
0.02672456798609346,0.008520317077636674,1602753985.4353588
0.026887004991294816,0.008520317077636674,1602753985.4355273
0.027057261002482846,0.008520317077636674,1602753985.4356942
0.02722214299137704,0.008520317077636674,1602753985.4358554
0.027384377986891195,0.009000968933105424,1602753985.436017
0.02754534297855571,0.009000968933105424,1602753985.4361768
0.027706752996891737,0.009000968933105424,1602753985.4363475
0.027876105974428356,0.009000968933105424,1602753985.4368978
0.028433635976398364,0.009000968933105424,1602753985.4370973
0.02862743698642589,0.009000968933105424,1602753985.4372659
0.028795011981856078,0.009000968933105424,1602753985.4374306
0.028967739985091612,0.009000968933105424,1602753985.4376185
0.02915153797948733,0.009481620788574174,1602753985.4377894
0.029318806977244094,0.009481620788574174,1602753985.437953
0.029483238991815597,0.009481620788574174,1602753985.438117
0.029646180977579206,0.009481620788574174,1602753985.4382837
0.029813343979185447,0.009481620788574174,1602753985.4384694
0.03000001999316737,0.009481620788574174,1602753985.4386857
0.030215723993023857,0.009962272644042924,1602753985.4388537
0.030382351978914812,0.009962272644042924,1602753985.4390247
0.030555021978216246,0.009962272644042924,1602753985.43919
0.03071876897593029,0.009962272644042924,1602753985.4393506
0.03087877598591149,0.009962272644042924,1602753985.4395158
0.03104445998906158,0.009962272644042924,1602753985.4396775
0.031206002982798964,0.009962272644042924,1602753985.4398475
0.03137674598838203,0.009962272644042924,1602753985.440009
0.03153878997545689,0.009962272644042924,1602753985.44017
0.031698048987891525,0.009962272644042924,1602753985.4403331
0.03186199499759823,0.009962272644042924,1602753985.4405246
0.03205467798397876,0.009962272644042924,1602753985.4406903
0.03221886599203572,0.009962272644042924,1602753985.4408586
0.03238744198461063,0.009962272644042924,1602753985.4410224
0.032552639982895926,0.010442924499511674,1602753985.4411886
0.0327169879747089,0.010442924499511674,1602753985.441349
0.032877815974643454,0.010442924499511674,1602753985.4415152
0.033044105977751315,0.010442924499511674,1602753985.4416757
0.03320437599904835,0.010442924499511674,1602753985.4418364
0.03336487599881366,0.010442924499511674,1602753985.441996
0.03352756900130771,0.010442924499511674,1602753985.442162
0.03371080997749232,0.010442924499511674,1602753985.4423604
0.033891143975779414,0.010442924499511674,1602753985.442553
0.03407672597677447,0.010442924499511674,1602753985.4427202
0.03424965200247243,0.010442924499511674,1602753985.4428887
0.03441719600232318,0.010442924499511674,1602753985.4430497
0.03457863998482935,0.010442924499511674,1602753985.4432108
0.03473951999330893,0.010442924499511674,1602753985.4433699
0.034898578975116834,0.010442924499511674,1602753985.4435577
0.035088129981886595,0.010442924499511674,1602753985.4437232
0.03525314899161458,0.010923576354980424,1602753985.443887
0.03541582598700188,0.010923576354980424,1602753985.4440484
0.035576458991272375,0.010923576354980424,1602753985.444208
0.035737329977564514,0.010923576354980424,1602753985.444369
0.03589757398003712,0.010923576354980424,1602753985.4445336
0.03606154298176989,0.010923576354980424,1602753985.4446938
0.036222402995917946,0.010923576354980424,1602753985.4448555
0.03638454800238833,0.010923576354980424,1602753985.4450333
0.03656292500090785,0.010923576354980424,1602753985.4451993
0.036727790982695296,0.010923576354980424,1602753985.445361
0.036889685987262055,0.010923576354980424,1602753985.4455352
0.037064576987177134,0.010923576354980424,1602753985.4457037
0.03724136497476138,0.010923576354980424,1602753985.445879
0.037407830997835845,0.010923576354980424,1602753985.446041
0.03756973397685215,0.010923576354980424,1602753985.4462032
0.037732035998487845,0.010923576354980424,1602753985.4463654
0.03789518598932773,0.010923576354980424,1602753985.446532
0.038077523990068585,0.010923576354980424,1602753985.446715
0.03824458297458477,0.010923576354980424,1602753985.4468892
0.038420150987803936,0.010923576354980424,1602753985.4470537
0.03858267597388476,0.011404228210449174,1602753985.4472148
0.038762675976613536,0.011404228210449174,1602753985.4474077
0.03895134199410677,0.011404228210449174,1602753985.4475937
0.03912355098873377,0.011404228210449174,1602753985.4477553
0.039284225000301376,0.011404228210449174,1602753985.4479163
0.03944523198879324,0.011404228210449174,1602753985.4480758
0.039604856981895864,0.011404228210449174,1602753985.4482365
0.03976481797872111,0.011404228210449174,1602753985.4483962
0.03992525499779731,0.011404228210449174,1602753985.448557
0.040085627988446504,0.011404228210449174,1602753985.4487178
0.04024625598685816,0.011404228210449174,1602753985.4488847
0.04041524400236085,0.011404228210449174,1602753985.4490573
0.04058646797784604,0.011404228210449174,1602753985.449229
0.040757982002105564,0.011404228210449174,1602753985.4493895
0.04092434799531475,0.011404228210449174,1602753985.4495575
0.04108597899903543,0.011404228210449174,1602753985.4497168
0.041245418979087844,0.011404228210449174,1602753985.4498804
0.04140968798310496,0.011404228210449174,1602753985.450041
0.04156972997589037,0.011884880065917924,1602753985.4502
0.04172840798855759,0.011884880065917924,1602753985.4503586
0.041887064988259226,0.011884880065917924,1602753985.4505415
0.0420761969871819,0.011884880065917924,1602753985.4507113
0.04223929200088605,0.011884880065917924,1602753985.4508696
0.04239771599532105,0.011884880065917924,1602753985.4510276
0.0425758869969286,0.011884880065917924,1602753985.4512174
0.04274721798719838,0.011884880065917924,1602753985.45138
0.04290818897425197,0.011884880065917924,1602753985.4515603
0.043089644983410835,0.011884880065917924,1602753985.4517262
0.04325470098410733,0.011884880065917924,1602753985.451887
0.04341546699288301,0.011884880065917924,1602753985.4520469
0.04357585197431035,0.011884880065917924,1602753985.4522073
0.04373561398824677,0.011884880065917924,1602753985.452371
0.04390006198082119,0.011884880065917924,1602753985.452537
0.044066442002076656,0.011884880065917924,1602753985.4527001
0.044229427992831916,0.011884880065917924,1602753985.4528651
0.044393934978870675,0.011884880065917924,1602753985.4530263
0.044555065978784114,0.012365531921386674,1602753985.4531872
0.04471604397986084,0.012365531921386674,1602753985.4533484
0.044877333974000067,0.012365531921386674,1602753985.4535136
0.045044429978588596,0.012365531921386674,1602753985.453678
0.04520685999887064,0.012365531921386674,1602753985.4538481
0.0453777669754345,0.012365531921386674,1602753985.454016
0.04554668799391948,0.012365531921386674,1602753985.454183
0.04571586198289879,0.012365531921386674,1602753985.4543476
0.04590089697740041,0.012365531921386674,1602753985.4545977
0.04612963198451325,0.012365531921386674,1602753985.45477
0.04629937798017636,0.012365531921386674,1602753985.4549375
0.046466920990496874,0.012365531921386674,1602753985.4550986
0.04662720099440776,0.012365531921386674,1602753985.455258
0.04678656198666431,0.012365531921386674,1602753985.4554162
0.0469447489886079,0.012365531921386674,1602753985.4555764
0.04710514997714199,0.012365531921386674,1602753985.4557388
0.047267969988752156,0.012365531921386674,1602753985.4558992
0.047427240991964936,0.012365531921386674,1602753985.4560611
0.04758924400084652,0.012365531921386674,1602753985.4562197
0.047747412987519056,0.012846183776855424,1602753985.4563766
0.04790494198095985,0.012846183776855424,1602753985.4565399
0.04806824997649528,0.012846183776855424,1602753985.4566987
0.048227296996628866,0.012846183776855424,1602753985.4568572
0.048386098991613835,0.012846183776855424,1602753985.4570181
0.04854628097382374,0.012846183776855424,1602753985.457181
0.048709408001741394,0.012846183776855424,1602753985.4573405
0.04886918299598619,0.012846183776855424,1602753985.4575117
0.049040852987673134,0.012846183776855424,1602753985.4576757
0.04920486197806895,0.012846183776855424,1602753985.4578362
0.04936506398371421,0.012846183776855424,1602753985.457997
0.049526752991368994,0.012846183776855424,1602753985.4581592
0.04968767499667592,0.012846183776855424,1602753985.4583173
0.04984568597865291,0.012846183776855424,1602753985.4584801
0.05000823098816909,0.012846183776855424,1602753985.458658
0.05018757298239507,0.012846183776855424,1602753985.4588213
0.05035031397710554,0.012846183776855424,1602753985.459
0.050529721978819,0.013326835632324174,1602753985.4591653
0.050696044985670596,0.013326835632324174,1602753985.45933
0.05085847698501311,0.013326835632324174,1602753985.4594948
0.05102305597392842,0.013326835632324174,1602753985.4596546
0.05118727299850434,0.013326835632324174,1602753985.4598262
0.051355053001316264,0.013326835632324174,1602753985.4599874
0.05151585297426209,0.013326835632324174,1602753985.4601471
0.051675651979167014,0.013326835632324174,1602753985.46031
0.05183871398912743,0.013326835632324174,1602753985.4604793
0.052008041995577514,0.013326835632324174,1602753985.4606464
0.05217540997546166,0.013326835632324174,1602753985.4608138
0.05234299099538475,0.013326835632324174,1602753985.460975
0.052504055987810716,0.013326835632324174,1602753985.4611354
0.0526638759765774,0.013326835632324174,1602753985.461294
0.05282278699451126,0.013326835632324174,1602753985.461453
0.052982992987381294,0.013326835632324174,1602753985.4616232
0.05315387397422455,0.013326835632324174,1602753985.4617863
0.05331826600013301,0.013807487487792924,1602753985.461951
0.05347945599351078,0.013807487487792924,1602753985.4621131
0.053641198988771066,0.013807487487792924,1602753985.462274
0.05380253598559648,0.013807487487792924,1602753985.4624338
0.05396247797762044,0.013807487487792924,1602753985.4625938
0.0540748689963948,0.013807487487792924,1602753985.462706
0.05423463898478076,0.013807487487792924,1602753985.4628654
0.05439323699101806,0.013807487487792924,1602753985.4630241
0.05455255298875272,0.013807487487792924,1602753985.463182
0.05470989798777737,0.013807487487792924,1602753985.4633412
0.054869333980605006,0.013807487487792924,1602753985.4635167
0.05504555598599836,0.013807487487792924,1602753985.4636781
0.05520681498455815,0.013807487487792924,1602753985.463838
0.055366521992255,0.013807487487792924,1602753985.4639962
0.05552418198203668,0.013807487487792924,1602753985.464154
0.05568244599271566,0.013807487487792924,1602753985.4643145
0.05584308799006976,0.013807487487792924,1602753985.464478
0.05600713999592699,0.013807487487792924,1602753985.464637
0.05616496998118237,0.013807487487792924,1602753985.4647946
0.056323024997254834,0.014288139343261674,1602753985.464953
0.05648158898111433,0.014288139343261674,1602753985.4651105
0.05663845100207254,0.014288139343261674,1602753985.465268
0.05679599198629148,0.014288139343261674,1602753985.465425
0.056953274994157255,0.014288139343261674,1602753985.465591
0.0571197779790964,0.014288139343261674,1602753985.4657507
0.05727904799277894,0.014288139343261674,1602753985.4659412
0.05747191800037399,0.014288139343261674,1602753985.466109
0.057637788995634764,0.014288139343261674,1602753985.4662693
0.05779765799525194,0.014288139343261674,1602753985.4664288
0.057956785982241854,0.014288139343261674,1602753985.466588
0.0580757379939314,0.014288139343261674,1602753985.4667077
0.05823598898132332,0.014288139343261674,1602753985.4668674
0.058395531988935545,0.014288139343261674,1602753985.4670265
0.058555358002195135,0.014288139343261674,1602753985.4671881
0.05871682899305597,0.014288139343261674,1602753985.4673479
0.05887636597617529,0.014288139343261674,1602753985.4675179
0.05904659099178389,0.014288139343261674,1602753985.467679
0.05920708898338489,0.014288139343261674,1602753985.4678385
0.05936660600127652,0.014288139343261674,1602753985.4679978
0.059526832978008315,0.014288139343261674,1602753985.4681573
0.059685636981157586,0.014768791198730424,1602753985.4683158
0.0598444200004451,0.014768791198730424,1602753985.4684796
0.060008576983818784,0.014768791198730424,1602753985.46864
0.060170090990141034,0.014768791198730424,1602753985.4688108
0.06036722200224176,0.014768791198730424,1602753985.469036
0.06056908899336122,0.014768791198730424,1602753985.469208
0.06073720697895624,0.014768791198730424,1602753985.4693713
0.06090005100122653,0.014768791198730424,1602753985.4695792
0.061129054985940456,0.014768791198730424,1602753985.469772
0.06130199698964134,0.014768791198730424,1602753985.469937
0.0614670520008076,0.014768791198730424,1602753985.4701004
0.06162938798661344,0.014768791198730424,1602753985.4702632
0.06179285599500872,0.014768791198730424,1602753985.4704287
0.061958004982443526,0.014768791198730424,1602753985.4705954
0.06212360499193892,0.014768791198730424,1602753985.4707582
0.062287722976179793,0.014768791198730424,1602753985.4709241
0.06245259099523537,0.015249443054199174,1602753985.4710839
0.06261198097490706,0.015249443054199174,1602753985.471253
0.06278210098389536,0.015249443054199174,1602753985.4714155
0.06294368900125846,0.015249443054199174,1602753985.471575
0.06310428597498685,0.015249443054199174,1602753985.4717343
0.06326275898027234,0.015249443054199174,1602753985.4718943
0.06342283799313009,0.015249443054199174,1602753985.4720523
0.06358023500069976,0.015249443054199174,1602753985.472209
0.06373678898671642,0.015249443054199174,1602753985.4723663
0.06389457499608397,0.015249443054199174,1602753985.4725294
0.06405760598136112,0.015249443054199174,1602753985.4726882
0.06421575698186643,0.015249443054199174,1602753985.4728463
0.06437494498095475,0.015249443054199174,1602753985.4730058
0.0645343099895399,0.015249443054199174,1602753985.4731643
0.06469253500108607,0.015249443054199174,1602753985.4733222
0.06485185399651527,0.015730094909667924,1602753985.4735038
0.06503386897384189,0.015730094909667924,1602753985.4736679
0.06519694600137882,0.015730094909667924,1602753985.4738379
0.06536659700213932,0.015730094909667924,1602753985.4739983
0.0655268749978859,0.015730094909667924,1602753985.4741583
0.06568666599923745,0.015730094909667924,1602753985.4743168
0.06584545999066904,0.015730094909667924,1602753985.4744854
0.0660147960006725,0.015730094909667924,1602753985.4746716
0.06620095498510636,0.015730094909667924,1602753985.4748373
0.06636553999851458,0.015730094909667924,1602753985.4749959
0.06652636197395623,0.015730094909667924,1602753985.4751573
0.06668610899941996,0.015730094909667924,1602753985.4753165
0.06684511600178666,0.015730094909667924,1602753985.4754794
0.0670069569896441,0.015730094909667924,1602753985.4756374
0.06716686597792432,0.015730094909667924,1602753985.4757972
0.06732524299877696,0.015730094909667924,1602753985.4759552
0.06748329399852082,0.015730094909667924,1602753985.4761136
0.06764213397400454,0.016210746765136674,1602753985.4762757
0.0678046959801577,0.016210746765136674,1602753985.4764354
0.0679637779830955,0.016210746765136674,1602753985.4765942
0.06812201399588957,0.016210746765136674,1602753985.4767528
0.06828165199840441,0.016210746765136674,1602753985.476912
0.06844062497839332,0.016210746765136674,1602753985.477071
0.06859901698771864,0.016210746765136674,1602753985.4772296
0.0687579799850937,0.016210746765136674,1602753985.4773886
0.06891921098576859,0.016210746765136674,1602753985.47755
0.06907858699560165,0.016210746765136674,1602753985.4777102
0.0692379949905444,0.016210746765136674,1602753985.4778852
0.06941689399536699,0.016210746765136674,1602753985.4780571
0.06958768799086101,0.016210746765136674,1602753985.4782202
0.0697484909906052,0.016210746765136674,1602753985.4783833
0.06991164697683416,0.016210746765136674,1602753985.4785485
0.07007549199624918,0.016210746765136674,1602753985.4787087
0.07023711397778243,0.016210746765136674,1602753985.4788685
0.07039748199167661,0.016210746765136674,1602753985.4790397
0.07056849598302506,0.016210746765136674,1602753985.4792006
0.07072896099998616,0.016691398620605424,1602753985.4793584
0.0708862439787481,0.016691398620605424,1602753985.4795284
0.07105725898873061,0.016691398620605424,1602753985.4796894
0.07121834499412216,0.016691398620605424,1602753985.4798515
0.0713833199988585,0.016691398620605424,1602753985.4800165
0.07156777498312294,0.016691398620605424,1602753985.4802394
0.0717728250019718,0.016691398620605424,1602753985.4804127
0.07195615797536448,0.016691398620605424,1602753985.4805934
0.07212234198232181,0.016691398620605424,1602753985.4807558
0.07228416798170656,0.016691398620605424,1602753985.4809163
0.07244449699646793,0.016691398620605424,1602753985.4810762
0.07260534097440541,0.016691398620605424,1602753985.4812372
0.0727653349749744,0.016691398620605424,1602753985.481406
0.07293469199794345,0.016691398620605424,1602753985.4815674
0.07309669998358004,0.016691398620605424,1602753985.4817326
0.07326151497545652,0.016691398620605424,1602753985.4818938
0.07342202798463404,0.016691398620605424,1602753985.4820564
0.07358494697837159,0.016691398620605424,1602753985.4822156
0.07374378698295914,0.016691398620605424,1602753985.4823737
0.07390203897375613,0.016691398620605424,1602753985.4825356
0.07407441298710182,0.016691398620605424,1602753985.482706
0.07423543397453614,0.017172050476074174,1602753985.4828665
0.07439469199744053,0.017172050476074174,1602753985.4830246
0.07455250798375346,0.017172050476074174,1602753985.4831822
0.07471081498079002,0.017172050476074174,1602753985.4833412
0.07486960099777207,0.017172050476074174,1602753985.4835336
0.07506378198741004,0.017172050476074174,1602753985.4837065
0.07523586598108523,0.017172050476074174,1602753985.4838662
0.07539425397408195,0.017172050476074174,1602753985.4840236
0.07555482198949903,0.017172050476074174,1602753985.4841847
0.07573329197475687,0.017172050476074174,1602753985.4843993
0.07594830598100089,0.017172050476074174,1602753985.484587
0.07612075097858906,0.017172050476074174,1602753985.4847534
0.07628266100073233,0.017172050476074174,1602753985.4849145
0.07644331798655912,0.017172050476074174,1602753985.485075
0.07660324897733517,0.017172050476074174,1602753985.485234
0.07676246098708361,0.017172050476074174,1602753985.4853978
0.07692830899031833,0.017172050476074174,1602753985.4855607
0.07708911297959276,0.017172050476074174,1602753985.48572
0.07724788997438736,0.017172050476074174,1602753985.485881
0.07740918299532495,0.017172050476074174,1602753985.4860394
0.07756707997759804,0.017172050476074174,1602753985.4861968
0.07772725098766387,0.017172050476074174,1602753985.4863582
0.07790584198664874,0.017652702331542924,1602753985.4865592
0.0781078809814062,0.017652702331542924,1602753985.4867465
0.07827687700046226,0.017652702331542924,1602753985.4869127
0.07844139297958463,0.017652702331542924,1602753985.4870758
0.07860407797852531,0.017652702331542924,1602753985.4872363
0.07876511997892521,0.017652702331542924,1602753985.487399
0.07897189998766407,0.017652702331542924,1602753985.4876246
0.07915578398387879,0.017652702331542924,1602753985.4877896
0.07931801199447364,0.017652702331542924,1602753985.4879496
0.07947803198476322,0.017652702331542924,1602753985.4881098
0.07963798099081032,0.017652702331542924,1602753985.4882703
0.0797984609962441,0.017652702331542924,1602753985.488439
0.07996699897921644,0.017652702331542924,1602753985.4885993
0.08012749499175698,0.017652702331542924,1602753985.4887571
0.08028592198388651,0.017652702331542924,1602753985.4889216
0.08045482597663067,0.017652702331542924,1602753985.4890904
0.08062007598346099,0.017652702331542924,1602753985.4892507
0.08077997498912737,0.017652702331542924,1602753985.4894102
0.08093804700183682,0.017652702331542924,1602753985.489569
0.08109676698222756,0.017652702331542924,1602753985.4897265
0.08125475098495372,0.017652702331542924,1602753985.489886
0.08141391398385167,0.017652702331542924,1602753985.4900439
0.08157154198852368,0.018133354187011674,1602753985.490202
0.08173002098919824,0.018133354187011674,1602753985.490366
0.08189396699890494,0.018133354187011674,1602753985.4905508
0.08207671297714114,0.018133354187011674,1602753985.4907126
0.08224117200006731,0.018133354187011674,1602753985.4908726
0.0824007429764606,0.018133354187011674,1602753985.4910316
0.08256007198360749,0.018133354187011674,1602753985.4911904
0.08271852598409168,0.018133354187011674,1602753985.4913483
0.08287653198931366,0.018133354187011674,1602753985.4915123
0.08304038998903707,0.018133354187011674,1602753985.4916706
0.08319894797750749,0.018133354187011674,1602753985.4918287
0.08335720098693855,0.018133354187011674,1602753985.4919875
0.08351646098890342,0.018133354187011674,1602753985.4921465
0.08367445299518295,0.018133354187011674,1602753985.4923046
0.08383321698056534,0.018133354187011674,1602753985.4924672
0.08399570899200626,0.018133354187011674,1602753985.4926257
0.08415375699405558,0.018133354187011674,1602753985.4927847
0.08431326699792407,0.018133354187011674,1602753985.4929428
0.08447134599555284,0.018133354187011674,1602753985.4931016
0.08463003498036414,0.018133354187011674,1602753985.4932613
0.08478954798192717,0.018133354187011674,1602753985.49342
0.08494788999087177,0.018133354187011674,1602753985.493579
0.08510739597841166,0.018614006042480424,1602753985.4937396
0.0852672339824494,0.018614006042480424,1602753985.4939003
0.08542886699433438,0.018614006042480424,1602753985.4940596
0.08558893797453493,0.018614006042480424,1602753985.4942195
0.08574793499428779,0.018614006042480424,1602753985.4943783
0.08590675800223835,0.018614006042480424,1602753985.4945402
0.08607633298379369,0.018614006042480424,1602753985.49471
0.08623894097399898,0.018614006042480424,1602753985.4948723
0.08640053699491546,0.018614006042480424,1602753985.4950488
0.08657742099603638,0.018614006042480424,1602753985.4952192
0.08674976299516857,0.018614006042480424,1602753985.4953847
0.08691347998683341,0.018614006042480424,1602753985.4955504
0.08707903898903169,0.018614006042480424,1602753985.49571
0.08723862798069604,0.018614006042480424,1602753985.4958694
0.08739794997381978,0.018614006042480424,1602753985.4960282
0.0875564579910133,0.018614006042480424,1602753985.4961863
0.08771519199945033,0.018614006042480424,1602753985.496344
0.08787276697694324,0.018614006042480424,1602753985.4965076
0.08803563399123959,0.018614006042480424,1602753985.496665
0.08819385798415169,0.018614006042480424,1602753985.496823
0.08835172100225464,0.018614006042480424,1602753985.496982
0.08850978198461235,0.018614006042480424,1602753985.4971387
0.08866651498829015,0.019094657897949174,1602753985.4972963
0.08882450597593561,0.019094657897949174,1602753985.4974544
0.08898469997802749,0.019094657897949174,1602753985.4976156
0.08914380599162541,0.019094657897949174,1602753985.49778
0.0893083690025378,0.019094657897949174,1602753985.4979393
0.08946772399940528,0.019094657897949174,1602753985.4981003
0.08962871399126016,0.019094657897949174,1602753985.4982684
0.08979757799534127,0.019094657897949174,1602753985.498437
0.089966278988868,0.019094657897949174,1602753985.4986007
0.0901286999869626,0.019575309753417924,1602753985.498763
0.09029158597695641,0.019575309753417924,1602753985.4989247
0.09045778997824527,0.019575309753417924,1602753985.4990938
0.09062303000246175,0.020055961608886674,1602753985.4992545
0.09078248500009067,0.020055961608886674,1602753985.4994147
0.0909434569766745,0.020055961608886674,1602753985.4995737
0.09110197197878733,0.020055961608886674,1602753985.4997313
0.09126015298534185,0.020055961608886674,1602753985.4998903
0.09141793998423964,0.020055961608886674,1602753985.5000472
0.09157552698161453,0.020055961608886674,1602753985.5002055
0.0917343289765995,0.020055961608886674,1602753985.5003648
0.09189359997981228,0.020055961608886674,1602753985.5005302
0.09205818898044527,0.020055961608886674,1602753985.5006895
0.09221775698824786,0.020536613464355424,1602753985.500849
0.0923772599780932,0.020536613464355424,1602753985.5010083
0.0925363999849651,0.020536613464355424,1602753985.501167
0.09269518399378285,0.020536613464355424,1602753985.5013263
0.092854828981217,0.020536613464355424,1602753985.5014904
0.0930187490012031,0.020536613464355424,1602753985.5016494
0.09317734598880634,0.020536613464355424,1602753985.50181
0.09333979597431608,0.020536613464355424,1602753985.501982
0.0935102840012405,0.020536613464355424,1602753985.5021474
0.09367614597431384,0.020536613464355424,1602753985.502317
0.09384601199417375,0.020536613464355424,1602753985.5024817
0.0940141539904289,0.020536613464355424,1602753985.5026808
0.0942093659832608,0.020536613464355424,1602753985.5028467
0.09437634199275635,0.020536613464355424,1602753985.5030131
0.09454143699258566,0.020536613464355424,1602753985.5031726
0.09470117598539218,0.020536613464355424,1602753985.5033321
0.09488264497485943,0.020536613464355424,1602753985.5035703
0.09510221699019894,0.020536613464355424,1602753985.5037365
0.09526483897934668,0.020536613464355424,1602753985.5038967
0.09542591898934916,0.020536613464355424,1602753985.5040584
0.09558689099503681,0.021017265319824174,1602753985.5042174
0.09574509898084216,0.021017265319824174,1602753985.504381
0.09590989298885688,0.021017265319824174,1602753985.504544
0.09607352397870272,0.021017265319824174,1602753985.5047042
0.09623257900238968,0.021017265319824174,1602753985.5048623
0.09639007700025104,0.021017265319824174,1602753985.5050194
0.0965474399854429,0.021017265319824174,1602753985.505177
0.09670541898231022,0.021017265319824174,1602753985.5053356
0.0968631430005189,0.021017265319824174,1602753985.5054977
0.0970257579756435,0.021017265319824174,1602753985.505656
0.09718443200108595,0.021017265319824174,1602753985.505814
0.09734182897955179,0.021017265319824174,1602753985.505971
0.09749882097821683,0.021017265319824174,1602753985.5061278
0.09765580800012685,0.021017265319824174,1602753985.5062854
0.09781323399511166,0.021017265319824174,1602753985.5064423
0.09796983699197881,0.021017265319824174,1602753985.5066223
0.09815008897567168,0.021017265319824174,1602753985.5067866
0.09831467000185512,0.021017265319824174,1602753985.5069475
0.09847538499161601,0.021017265319824174,1602753985.5071056
0.09863351698732004,0.021017265319824174,1602753985.5072646
0.09879344797809608,0.021017265319824174,1602753985.5074246
0.0989518889982719,0.021017265319824174,1602753985.5075827
0.09911088499939069,0.021017265319824174,1602753985.507742
0.09927119399071671,0.021017265319824174,1602753985.5079021
0.0994310459936969,0.021497917175292924,1602753985.508067
0.09959465698921122,0.021497917175292924,1602753985.508225
0.09975276398472488,0.021497917175292924,1602753985.5083942
0.09992531698662788,0.021497917175292924,1602753985.5085647
0.10009299599914812,0.021497917175292924,1602753985.5087235
0.11027397797442973,0.022459220886230424,1602753985.51907
0.12064228198141791,0.023901176452636674,1602753985.5294366
0.13102527399314567,0.025343132019042924,1602753985.5398748
0.14145785800064914,0.026785087585449174,1602753985.5502992
0.1518699799780734,0.028227043151855424,1602753985.5606678
0.16223583597457036,0.029668998718261674,1602753985.5710368
0.1726149249880109,0.031110954284667924,1602753985.5814295
0.18300431699026376,0.032072257995605424,1602753985.5917947
0.19337477098451927,0.033514213562011674,1602753985.6021738
0.20375140800024383,0.034956169128417924,1602753985.6125562
0.21411498298402876,0.036398124694824174,1602753985.622911
0.22448768897447735,0.037840080261230424,1602753985.6332932
0.2348659779818263,0.039282035827636674,1602753985.643667
0.24524592197849415,0.040243339538574174,1602753985.6540642
0.255644761986332,0.041685295104980424,1602753985.6644437
0.26602796799852513,0.043127250671386674,1602753985.674857
0.27643422500113957,0.044569206237792924,1602753985.6852193
0.28678958999807946,0.045530509948730424,1602753985.6955793
0.2971567469940055,0.046972465515136674,1602753985.7059577
0.30753201799234375,0.048414421081542924,1602753985.7163322
0.3179083499999251,0.049856376647949174,1602753985.726724
0.32829618599498644,0.050817680358886674,1602753985.737092
0.33870983400265686,0.051778984069824174,1602753985.747528
0.34910585900070146,0.053220939636230424,1602753985.7579143
0.3595022189838346,0.054182243347167924,1602753985.7683067
0.3699005739763379,0.055624198913574174,1602753985.7787297
0.3803353309922386,0.057066154479980424,1602753985.789153
0.3907265739981085,0.058027458190917924,1602753985.799532
0.4011290759954136,0.059469413757324174,1602753985.8099914
0.4115743799775373,0.060911369323730424,1602753985.820405
0.4219957019959111,0.061872673034667924,1602753985.8308423
0.4324275069811847,0.06331462860107417,1602753985.8412309
0.44282586200279184,0.06475658416748042,1602753985.8516307
0.45320915000047535,0.06571788787841792,1602753985.8620396
0.4636188209988177,0.06715984344482417,1602753985.8724208
0.4740218939841725,0.06860179901123042,1602753985.8828468
0.4844354129745625,0.07292766571044917,1602753985.8932438
0.4948143700021319,0.08013744354248042,1602753985.9036653
0.5052508229855448,0.08782787322998042,1602753985.9140592
0.5156420139828697,0.09551830291748042,1602753985.9244602
0.5260551529936492,0.10320873260498042,1602753985.9349203
0.536506896984065,0.11089916229248042,1602753985.9453144
0.5468900479900185,0.11907024383544917,1602753985.9557123
0.5573033969849348,0.12676067352294917,1602753985.966106
0.5676832369936164,0.13445110321044917,1602753985.9764962
0.5780981529969722,0.14214153289794917,1602753985.9869235
0.5885058589919936,0.14310283660888667,1602753985.9973123
0.5989009740005713,0.14310283660888667,1602753986.0076954
0.6092778879974503,0.14310283660888667,1602753986.0180855
0.6196625789743848,0.14310283660888667,1602753986.0284717
0.6300531409797259,0.14310283660888667,1602753986.0388994
0.6404785079939757,0.14310283660888667,1602753986.0492854
0.6508559729845729,0.14310283660888667,1602753986.0596647
0.6612695549847558,0.14310283660888667,1602753986.0700982
0.6716769999766257,0.14310283660888667,1602753986.0804858
0.6820927919761743,0.14310283660888667,1602753986.0909526
0.6925394409918226,0.14358348846435542,1602753986.1013567
0.7029383729968686,0.14502544403076167,1602753986.1117527
0.7133342809975147,0.14646739959716792,1602753986.122132
0.7237418750009965,0.14742870330810542,1602753986.1325486
0.7341282979759853,0.14887065887451167,1602753986.142928
0.7445058859884739,0.15031261444091792,1602753986.153317
0.754885120986728,0.15127391815185542,1602753986.163703
0.7653137219895143,0.15271587371826167,1602753986.1741133
0.7756884309928864,0.15415782928466792,1602753986.1844866
0.7860888229915872,0.15511913299560542,1602753986.194909
0.7964856299804524,0.15656108856201167,1602753986.20528
0.8068626819876954,0.15800304412841792,1602753986.2156787
0.8172535569756292,0.15896434783935542,1602753986.2260485
0.8276220889820252,0.16040630340576167,1602753986.2364724
0.838094425998861,0.16184825897216792,1602753986.2468858
0.8484606769925449,0.16280956268310542,1602753986.2572622
0.8588419469888322,0.16425151824951167,1602753986.267631
0.8692081259796396,0.16569347381591792,1602753986.2779953
0.8796013229875825,0.16665477752685542,1602753986.2884204
0.8900006909971125,0.16809673309326167,1602753986.2988224
0.9004118609882426,0.16953868865966792,1602753986.3092399
0.9108108419750351,0.17049999237060542,1602753986.3196063
0.9211914560000878,0.17194194793701167,1602753986.330011
0.9315977639926132,0.17290325164794917,1602753986.3404326
0.942025502998149,0.1745855331420898,1602753986.3508782
0.9524637639988214,0.1755468368530273,1602753986.3612838
0.9628704880014993,0.17698879241943355,1602753986.3716621
0.973260044993367,0.17795009613037105,1602753986.3820658
0.9836406440008432,0.1793920516967773,1602753986.3924448
0.994034268980613,0.1803533554077148,1602753986.4028614
1.004440466989763,0.18179531097412105,1602753986.4132595
1.104925422987435,0.19429225921630855,1602753986.513775
1.2054468139831442,0.2063085556030273,1602753986.6142578
1.3059210999927018,0.21832485198974605,1602753986.7147524
1.4064192079822533,0.2303411483764648,1602753986.8152304
1.5068921459896956,0.2428380966186523,1602753986.9157
1.6073695349914487,0.25485439300537105,1602753987.0161746
1.7078358339786064,0.26735134124755855,1602753987.1166418
1.8083006109809503,0.27984828948974605,1602753987.2171276
1.9087904909974895,0.2918645858764648,1602753987.3175933
2.0092487589863595,0.3043615341186523,1602753987.418084
2.1097373699885793,0.31637783050537105,1602753987.518535
2.2101917159743607,0.3283941268920898,1602753987.6190042
2.310667643992929,0.34041042327880855,1602753987.7195215
2.4111963469767943,0.3524267196655273,1602753987.8200476
2.5117260219994932,0.3639623641967773,1602753987.920565
2.6122430870018434,0.37597866058349605,1602753988.0211103
2.712780843983637,0.3879949569702148,1602753988.1216216
2.813286408985732,0.3995306015014648,1602753988.2221656
2.9138395359914284,0.4110662460327148,1602753988.322685
3.0143468649766874,0.42308254241943355,1602753988.423168
3.114822021976579,0.4350988388061523,1602753988.5236526
3.2153490299824625,0.44711513519287105,1602753988.6241817
3.315830059000291,0.4581701278686523,1602753988.7246354
3.416294177994132,0.4697057723999023,1602753988.825106
3.5167753559944686,0.48172206878662105,1602753988.9255843
3.6172570420021657,0.49325771331787105,1602753989.0260682
3.7177286199876107,0.5052740097045898,1602753989.1265392
3.8181957729975693,0.5168096542358398,1602753989.2270105
3.918705255986424,0.5288259506225585,1602753989.3275173
4.019198811991373,0.5408422470092773,1602753989.4280193
4.1196721969754435,0.5523778915405273,1602753989.5284834
4.220143802987877,0.5639135360717773,1602753989.6289673
4.320633652998367,0.575929832458496,1602753989.729456
4.421113427000819,0.587465476989746,1602753989.8299518
4.521645423985319,0.599001121520996,1602753989.930462
4.622129540977767,0.6110174179077148,1602753990.0309968
4.7226609450008254,0.6230337142944335,1602753990.1314878
4.823157231992809,0.6345693588256835,1602753990.2319689
4.923626787989633,0.6465856552124023,1602753990.3324327
5.024099058995489,0.6583616256713867,1602753990.4329114
5.124582230986562,0.6698972702026367,1602753990.5334325
5.225106098980177,0.6819135665893554,1602753990.633917
5.325572492001811,0.6953718185424804,1602753990.7343829
5.426045862986939,0.7059461593627929,1602753990.8348684
5.526527704991167,0.7174818038940429,1602753990.9353335
5.627004370995564,0.7285367965698242,1602753991.0358157
5.727474825980607,0.7400724411010742,1602753991.1362846
5.827943470998434,0.7511274337768554,1602753991.236743
5.928444464982022,0.7626630783081054,1602753991.3372438
6.0289373959822115,0.7734777450561523,1602753991.4377573
6.1294640919950325,0.7850133895874023,1602753991.5382721
6.229956961993594,0.7960683822631835,1602753991.6387746
6.330446651991224,0.8071233749389648,1602753991.7392442
6.4309150369954295,0.8186590194702148,1602753991.8397627
6.531494360999204,0.829714012145996,1602753991.940343
6.63202519598417,0.8407690048217773,1602753992.0408263
6.7325027709885035,0.8523046493530273,1602753992.1413047
6.832965694979066,0.8633596420288085,1602753992.2417817
6.9334469710011035,0.8746549606323242,1602753992.3422613
7.033978148974711,0.8857099533081054,1602753992.442833
7.134508521994576,0.8967649459838867,1602753992.5433104
7.235002532979706,0.9083005905151367,1602753992.643812
7.335522982990369,0.9193555831909179,1602753992.7443392
7.436038096988341,0.9304105758666992,1602753992.8448794
7.536596763995476,0.9419462203979492,1602753992.9454012
7.637058705993695,0.9541990280151367,1602753993.0458903
7.737561262998497,0.9647733688354492,1602753993.146368
7.838056520995451,0.9763090133666992,1602753993.2469192
7.938673555996502,0.9868833541870117,1602753993.3475149
8.039184377994388,0.9979383468627929,1602753993.4480076
8.139691683987621,1.0085126876831054,1602753993.548522
8.24021764198551,1.0186063766479492,1602753993.649034
8.340703261987073,1.0291807174682617,1602753993.7495055
8.441180725989398,1.040235710144043,1602753993.8499925
8.541669236990856,1.0508100509643554,1602753993.9504685
8.64218679498299,1.061384391784668,1602753994.0510075
8.742730956990272,1.0719587326049804,1602753994.1515644
8.843251791986404,1.0830137252807617,1602753994.2521517
8.943862463987898,1.0933477401733398,1602753994.3526874
9.04439263799577,1.1039220809936523,1602753994.4532027
9.144885300978785,1.1144964218139648,1602753994.5536978
9.245393391989637,1.123628807067871,1602753994.654207
9.345885563001502,1.133241844177246,1602753994.754725
9.446405798982596,1.1433355331420898,1602753994.855222
9.546955767989857,1.1539098739624023,1602753994.9557707
9.647464118985226,1.164003562927246,1602753995.056284
9.747977615974378,1.1745779037475585,1602753995.1567836
9.848453170998255,1.1846715927124023,1602753995.2572532
9.94894161997945,1.1952459335327148,1602753995.3577404
10.049478593980893,1.2053396224975585,1602753995.4583154
11.050976444996195,1.3098814010620117,1602753996.459803
12.052385424991371,1.4146635055541992,1602753997.4612212
13.053877509984886,1.5199262619018554,1602753998.462722
14.055384406994563,1.6256696701049804,1602753999.4641905
15.056836271978682,1.7290098190307617,1602754000.4656403
16.05827002899605,1.8316289901733398,1602754001.467089
17.059669000998838,1.9366514205932617,1602754002.4684951
18.06111093997606,2.041914176940918,1602754003.46995
19.06258194198017,2.149580192565918,1602754004.4713807
20.06398882198846,2.26613826751709,1602754005.4728656
21.065484796999954,2.373083305358887,1602754006.4742885
22.06691526499344,2.4773847579956056,1602754007.4757202
23.068358980992343,2.584089469909668,1602754008.4771645
24.069740365986945,2.6961042404174806,1602754009.4785519
25.07117419698625,2.725904655456543,1602754010.480003
26.072620077989995,2.8479902267456056,1602754011.4814308
27.074050547991646,2.9554159164428713,1602754012.4828954
28.075498581980355,3.0702917098999025,1602754013.4843047
29.076933425996685,3.1822835922241213,1602754014.4858692
30.078494859975763,3.294996452331543,1602754015.4873884
31.080009347002488,3.4060270309448244,1602754016.4889169
32.08151940300013,3.5139333724975588,1602754017.49032
33.08290259898058,3.6264059066772463,1602754018.4917002
34.084326953976415,3.739118766784668,1602754019.493162
35.08581115398556,3.850629997253418,1602754020.4947333
36.087341848993674,3.9592573165893556,1602754021.4961822
37.088807497988455,4.067403984069824,1602754022.497616
38.0902593699866,4.174589347839356,1602754023.4990695
39.09169462797581,4.282255363464356,1602754024.5005214
40.09313638397725,4.390882682800293,1602754025.5019813
41.09461577999173,4.483167839050293,1602754026.503438
42.096073400985915,4.483167839050293,1602754027.5048916
43.09755377998226,4.567762565612793,1602754028.5063798
44.09899254699121,4.677351188659668,1602754029.507834
45.100453441991704,4.798475456237793,1602754030.5092585
46.10187561498606,4.905210685729981,1602754031.5107608
47.1033880559844,5.014318656921387,1602754032.5121992
48.104810516990256,5.121504020690918,1602754033.513616
49.106201283982955,5.251280021667481,1602754034.5150132
50.10763543599751,5.357984733581543,1602754035.5164423
51.10905952099711,5.469015312194824,1602754036.5178642
52.11047701098141,5.579565238952637,1602754037.5192873
53.11192506097723,5.688192558288574,1602754038.5207353
54.113360616000136,5.800222587585449,1602754039.522161
55.114798280992545,5.906446647644043,1602754040.5236104
56.11618972697761,6.011831474304199,1602754041.5250058
57.117635335976956,6.124544334411621,1602754042.5264444
58.11907526597497,6.234373283386231,1602754043.5279298
59.12049717598711,6.344923210144043,1602754044.5293422
60.12192592199426,6.453790855407715,1602754045.5307567
90.15242109299288,7.019193840026856,1602754075.561281
0,0,0
