0,0.00275421142578125
0.00014466300490312278,0.00275421142578125
0.0002798320056172088,0.00275421142578125
0.0003745949943549931,0.00275421142578125
0.00046172300062607974,0.00275421142578125
0.0005466589936986566,0.00275421142578125
0.0006457269919337705,0.00275421142578125
0.0007296410039998591,0.00323486328125
0.0008143470040522516,0.00323486328125
0.000897477992111817,0.00323486328125
0.0009798109967960045,0.00323486328125
0.0010695880046114326,0.00323486328125
0.0011575560056371614,0.00323486328125
0.0012412819924065843,0.00323486328125
0.0013240760017652065,0.00323486328125
0.001406805997248739,0.00323486328125
0.001501514998381026,0.00323486328125
0.0016002630000002682,0.00323486328125
0.001689700991846621,0.00323486328125
0.0017727029917296022,0.00323486328125
0.0018656649917829782,0.00323486328125
0.001945914002135396,0.00323486328125
0.0020250560046406463,0.00323486328125
0.0021042900043539703,0.00323486328125
0.0021839469991391525,0.00323486328125
0.0022628720034845173,0.00323486328125
0.0023421499936375767,0.00323486328125
0.0024215349985752255,0.00323486328125
0.0025003710034070536,0.00323486328125
0.0025801099982345477,0.00323486328125
0.002665381005499512,0.00323486328125
0.0027450500056147575,0.00323486328125
0.0028516000020317733,0.00323486328125
0.002934592994279228,0.00323486328125
0.003015188005520031,0.00323486328125
0.00309437200485263,0.00323486328125
0.003173471995978616,0.00323486328125
0.0032531610049773008,0.00323486328125
0.0033511929941596463,0.00323486328125
0.0034335069940425456,0.00323486328125
0.0035131219920003787,0.00323486328125
0.0035926639975514263,0.00323486328125
0.0036783849936909974,0.00323486328125
0.0037591029977193102,0.00323486328125
0.003838377000647597,0.00323486328125
0.003917820999049582,0.00323486328125
0.004017878993181512,0.00323486328125
0.004100039004697464,0.00323486328125
0.004186413003480993,0.00323486328125
0.004270309000276029,0.00323486328125
0.004352450996520929,0.00371551513671875
0.004447624000022188,0.00371551513671875
0.004526838994934224,0.00371551513671875
0.004606500995578244,0.00371551513671875
0.004721977005829103,0.00371551513671875
0.004806672004633583,0.00371551513671875
0.0048889979952946305,0.00371551513671875
0.004971689995727502,0.00371551513671875
0.005054317996837199,0.00371551513671875
0.005136637992109172,0.00371551513671875
0.005224570995778777,0.00371551513671875
0.005307412997353822,0.00371551513671875
0.005389165002270602,0.00371551513671875
0.005471009993925691,0.00371551513671875
0.005553271999815479,0.00371551513671875
0.005641245996230282,0.00371551513671875
0.0057262390037067235,0.00371551513671875
0.005809394002426416,0.00371551513671875
0.005892576999031007,0.00371551513671875
0.005975794003461488,0.00371551513671875
0.006058703002054244,0.00371551513671875
0.00614072399912402,0.00371551513671875
0.006223235002835281,0.00371551513671875
0.006308380994596519,0.00371551513671875
0.006393543997546658,0.00371551513671875
0.0064753579936223105,0.00371551513671875
0.006557162996614352,0.00371551513671875
0.006644790002610534,0.00371551513671875
0.006728211999870837,0.00371551513671875
0.006829122998169623,0.00371551513671875
0.006916074999026023,0.00371551513671875
0.006999217002885416,0.00371551513671875
0.007082420997903682,0.00371551513671875
0.007165549002820626,0.00371551513671875
0.0072481160023016855,0.00371551513671875
0.007330268999794498,0.00371551513671875
0.007412937993649393,0.00371551513671875
0.007495618992834352,0.00371551513671875
0.007581750993267633,0.00371551513671875
0.0076696549949701875,0.00371551513671875
0.0077641270036110654,0.00371551513671875
0.007848585999454372,0.00371551513671875
0.007932207998237573,0.00371551513671875
0.00801554300414864,0.00371551513671875
0.008098751000943594,0.0041961669921875
0.0081816159945447,0.0041961669921875
0.008265451993793249,0.0041961669921875
0.008348370000021532,0.0041961669921875
0.00843163300305605,0.0041961669921875
0.008514607005054131,0.0041961669921875
0.008597261999966577,0.0041961669921875
0.00868650499614887,0.0041961669921875
0.008768756000790745,0.0041961669921875
0.008850564001477323,0.0041961669921875
0.008933856996009126,0.0041961669921875
0.009016209995024838,0.0041961669921875
0.009098345995880663,0.0041961669921875
0.009181785004329868,0.0041961669921875
0.009264823005651124,0.0041961669921875
0.009347938001155853,0.0041961669921875
0.0094305090024136,0.0041961669921875
0.009513502998743206,0.0041961669921875
0.009596546995453537,0.0041961669921875
0.009694437001598999,0.0041961669921875
0.009780601001693867,0.0041961669921875
0.009863262996077538,0.0041961669921875
0.009947486003511585,0.0041961669921875
0.010030541001469828,0.0041961669921875
0.010200384000199847,0.0041961669921875
0.010383831002400257,0.0041961669921875
0.010561130999121815,0.0041961669921875
0.01075573600246571,0.0041961669921875
0.010938260005787015,0.0041961669921875
0.011099652998382226,0.0041961669921875
0.011259744002018124,0.0041961669921875
0.011417179994168691,0.0041961669921875
0.01157378799689468,0.0041961669921875
0.011740542991901748,0.0041961669921875
0.011920429999008775,0.0041961669921875
0.012081794993719086,0.0041961669921875
0.012241545002325438,0.0041961669921875
0.01239960000384599,0.0041961669921875
0.012556223999126814,0.0041961669921875
0.012717327001155354,0.0041961669921875
0.012874424995970912,0.0041961669921875
0.013030727001023479,0.0041961669921875
0.013187567004933953,0.0041961669921875
0.013343914004508406,0.0041961669921875
0.013507607000065036,0.0041961669921875
0.013665399994351901,0.0041961669921875
0.013821802000165917,0.0041961669921875
0.01397851099318359,0.0041961669921875
0.014140045997919515,0.0041961669921875
0.014298715002951212,0.0041961669921875
0.014456328994128853,0.0041961669921875
0.014616564003517851,0.0041961669921875
0.014791559005971067,0.0041961669921875
0.014953110003261827,0.0041961669921875
0.015112741995835677,0.0041961669921875
0.015269658993929625,0.0041961669921875
0.01542709099885542,0.0041961669921875
0.015585040993755683,0.0041961669921875
0.015747825003927574,0.0041961669921875
0.015905816995655186,0.0041961669921875
0.016063564995420165,0.0041961669921875
0.01622118300292641,0.0041961669921875
0.016379473003325984,0.0041961669921875
0.016537350005819462,0.0041961669921875
0.01669915700040292,0.0041961669921875
0.016856568996445276,0.0041961669921875
0.017013639997458085,0.0041961669921875
0.01717038899369072,0.0041961669921875
0.017328369998722337,0.0041961669921875
0.017484930998762138,0.0041961669921875
0.017640682999626733,0.0041961669921875
0.01779952300421428,0.0041961669921875
0.017958023003302515,0.0041961669921875
0.018115148996002972,0.0041961669921875
0.018273353998665698,0.0041961669921875
0.01843115700467024,0.0041961669921875
0.018587917991681024,0.0041961669921875
0.018749349997960962,0.0041961669921875
0.018922079005278647,0.0041961669921875
0.019080181999015622,0.0041961669921875
0.019237542001064867,0.0041961669921875
0.01940366999770049,0.0041961669921875
0.019564881004043855,0.0041961669921875
0.019738807997782715,0.0041961669921875
0.019904380998923443,0.0041961669921875
0.020061895993421786,0.0041961669921875
0.020217822995618917,0.0041961669921875
0.020374296000227332,0.0041961669921875
0.020531066998955794,0.0041961669921875
0.020701683999504894,0.0041961669921875
0.02086078499269206,0.0041961669921875
0.02101750699512195,0.0041961669921875
0.02117495599668473,0.00467681884765625
0.021330748000764288,0.00467681884765625
0.021491694991709664,0.00467681884765625
0.021649293004884385,0.00467681884765625
0.02181599299365189,0.00467681884765625
0.02196900600392837,0.00467681884765625
0.022139726002933457,0.00467681884765625
0.022295147995464504,0.00467681884765625
0.02245098700223025,0.00467681884765625
0.02260684099746868,0.00467681884765625
0.022767443995689973,0.00467681884765625
0.02294810500461608,0.00467681884765625
0.023105097992811352,0.00467681884765625
0.023260902002220973,0.00467681884765625
0.02342976100044325,0.00467681884765625
0.023586751995026134,0.00467681884765625
0.023747478000586852,0.00467681884765625
0.023903983004856855,0.00467681884765625
0.02405771600024309,0.00467681884765625
0.024221282001235522,0.00467681884765625
0.024380129005294293,0.00467681884765625
0.024540448997868225,0.00467681884765625
0.024738117994274944,0.00467681884765625
0.024912684995797463,0.00467681884765625
0.02507313300156966,0.00467681884765625
0.025233027001377195,0.00467681884765625
0.02539188100490719,0.00467681884765625
0.025551212005666457,0.00467681884765625
0.025720599995111115,0.00467681884765625
0.02587980599491857,0.00467681884765625
0.026040327997179702,0.00467681884765625
0.026199054991593584,0.00467681884765625
0.026356816000770777,0.00467681884765625
0.02651387799414806,0.00467681884765625
0.026670491002732888,0.00467681884765625
0.02679410600103438,0.00467681884765625
0.026954297005431727,0.00467681884765625
0.0271110059984494,0.00467681884765625
0.0272674229927361,0.00467681884765625
0.027425063992268406,0.00467681884765625
0.027591570993536152,0.00467681884765625
0.027750395995099097,0.00467681884765625
0.02790678599558305,0.00467681884765625
0.028063655001460575,0.00467681884765625
0.02821984099864494,0.00467681884765625
0.02837561399792321,0.00467681884765625
0.028545117005705833,0.00467681884765625
0.028704198004561476,0.00467681884765625
0.02885776400216855,0.00467681884765625
0.029010851998464204,0.00467681884765625
0.029162941995309666,0.00467681884765625
0.029316693005966954,0.00467681884765625
0.029474569993908517,0.00467681884765625
0.029646647002664395,0.00467681884765625
0.0298147989960853,0.00467681884765625
0.029971405005198903,0.00467681884765625
0.030128319005598314,0.00467681884765625
0.030284659995231777,0.00467681884765625
0.030442005998338573,0.00467681884765625
0.030598347992054187,0.00467681884765625
0.030759624001802877,0.00467681884765625
0.030958436997025274,0.00467681884765625
0.031111795993638225,0.00467681884765625
0.03126461600186303,0.00467681884765625
0.0314171880017966,0.00467681884765625
0.03158873799839057,0.00467681884765625
0.03175052900041919,0.00467681884765625
0.03190477499447297,0.00467681884765625
0.032056575000751764,0.00467681884765625
0.032209355995291844,0.00467681884765625
0.03236187799484469,0.00467681884765625
0.03251478300080635,0.00467681884765625
0.03269717999501154,0.00467681884765625
0.032853195996722206,0.00467681884765625
0.033009117003530264,0.00467681884765625
0.033164861000841483,0.00467681884765625
0.0333207770017907,0.00467681884765625
0.03347669499635231,0.00467681884765625
0.033633430997724645,0.00467681884765625
0.03379087800567504,0.00467681884765625
0.03394939600548241,0.00467681884765625
0.034107090992620215,0.00467681884765625
0.03427179899881594,0.00467681884765625
0.03443127700302284,0.00467681884765625
0.03458953800145537,0.00467681884765625
0.03475957299815491,0.00467681884765625
0.03493201799574308,0.00467681884765625
0.0350896849995479,0.00467681884765625
0.03524687499157153,0.00467681884765625
0.03540376099408604,0.00467681884765625
0.035560599993914366,0.00467681884765625
0.03572248699492775,0.00467681884765625
0.035880355004337616,0.00467681884765625
0.03603818599367514,0.00467681884765625
0.036194721003994346,0.00467681884765625
0.03635269700316712,0.00467681884765625
0.03650992400071118,0.00467681884765625
0.03666603399324231,0.00467681884765625
0.036825706003583036,0.00467681884765625
0.036981829995056614,0.00467681884765625
0.037137855993933044,0.00467681884765625
0.037405013004899956,0.00467681884765625
0.03759063400502782,0.00467681884765625
0.03778454099665396,0.00467681884765625
0.03796162699291017,0.00467681884765625
0.03813593900122214,0.00467681884765625
0.03830771900538821,0.00467681884765625
0.03847972699441016,0.00467681884765625
0.03865264500200283,0.00467681884765625
0.038793829997302964,0.00467681884765625
0.03896885500580538,0.00467681884765625
0.03915132400288712,0.00467681884765625
0.03931890400417615,0.00467681884765625
0.03948661999311298,0.00467681884765625
0.039654263004194945,0.00467681884765625
0.039851594003266655,0.00467681884765625
0.04002551299345214,0.00467681884765625
0.040198098999098875,0.00467681884765625
0.040368874004343525,0.00467681884765625
0.04054098199412692,0.00467681884765625
0.0407282939995639,0.00467681884765625
0.040904234992922284,0.00467681884765625
0.04107793800358195,0.00467681884765625
0.04125176899833605,0.00467681884765625
0.04142455299734138,0.00467681884765625
0.04159752299892716,0.00467681884765625
0.041774997996981256,0.00467681884765625
0.041947381003410555,0.00467681884765625
0.04211873399617616,0.00467681884765625
0.04229216200474184,0.00467681884765625
0.04246574599528685,0.00467681884765625
0.04263837500184309,0.00467681884765625
0.042793667991645634,0.00467681884765625
0.042969490998075344,0.00467681884765625
0.04314275100477971,0.00467681884765625
0.04331548999471124,0.00467681884765625
0.04350172300473787,0.00467681884765625
0.043675471999449655,0.00467681884765625
0.043848764995345846,0.00467681884765625
0.04402005400334019,0.00467681884765625
0.04419237399997655,0.00467681884765625
0.044364682005834766,0.00467681884765625
0.044535955996252596,0.00467681884765625
0.04474871799175162,0.00467681884765625
0.04494136899302248,0.00467681884765625
0.045121506991563365,0.00467681884765625
0.04529913999431301,0.00467681884765625
0.0454754509992199,0.00467681884765625
0.04565187900152523,0.00467681884765625
0.04583110599196516,0.00467681884765625
0.04600725500495173,0.00467681884765625
0.04618245999154169,0.00467681884765625
0.046360555992578156,0.00467681884765625
0.04653780699300114,0.00467681884765625
0.046720502999960445,0.00467681884765625
0.04693193099228665,0.00467681884765625
0.04711540100106504,0.00467681884765625
0.04729539799154736,0.00467681884765625
0.04747247199702542,0.00467681884765625
0.04765080599463545,0.00467681884765625
0.047831838004640304,0.00467681884765625
0.04800963599700481,0.00467681884765625
0.048187456995947286,0.00467681884765625
0.04836477000208106,0.00467681884765625
0.04854114699992351,0.00467681884765625
0.04872270800115075,0.00467681884765625
0.048898684995947406,0.00467681884765625
0.04907516000093892,0.00467681884765625
0.049251311997068115,0.00467681884765625
0.04942870099330321,0.00467681884765625
0.04961773399554659,0.00467681884765625
0.04980857500049751,0.00467681884765625
0.04998901499493513,0.00467681884765625
0.05016556699411012,0.00467681884765625
0.050341640002443455,0.00467681884765625
0.050516880000941455,0.00467681884765625
0.050697197002591565,0.00467681884765625
0.050889660997199826,0.00467681884765625
0.05106887800502591,0.00467681884765625
0.05124635300308,0.00467681884765625
0.05142325100314338,0.00467681884765625
0.05159961499157362,0.00467681884765625
0.0517833259946201,0.00467681884765625
0.05195988800551277,0.00467681884765625
0.05213489499874413,0.00467681884765625
0.052309607999632135,0.00467681884765625
0.05248634799499996,0.00467681884765625
0.05266140299499966,0.00467681884765625
0.0528369319945341,0.00467681884765625
0.0530139379989123,0.00467681884765625
0.053190053993603215,0.00467681884765625
0.0533626239921432,0.00467681884765625
0.05355105000489857,0.00467681884765625
0.053731056992546655,0.005157470703125
0.053907837995211594,0.005157470703125
0.05408340599387884,0.005157470703125
0.05425822999677621,0.005157470703125
0.05443445600394625,0.005157470703125
0.054613366999547,0.005157470703125
0.054796630996861495,0.005157470703125
0.05497704600566067,0.005157470703125
0.05515254699275829,0.005157470703125
0.05533036700217053,0.005157470703125
0.05550824600504711,0.005157470703125
0.05569195299176499,0.005157470703125
0.055870515992864966,0.005157470703125
0.05604898200544994,0.005157470703125
0.05622679699445143,0.005157470703125
0.056409270997392014,0.005157470703125
0.056590772001072764,0.005157470703125
0.0567766829917673,0.005157470703125
0.05695792399637867,0.005157470703125
0.057140228993375786,0.005157470703125
0.05732140599866398,0.005157470703125
0.05750452299253084,0.005157470703125
0.05769188600243069,0.005157470703125
0.05787409900221974,0.005157470703125
0.05805563399917446,0.005157470703125
0.05823711999983061,0.005157470703125
0.05841852100274991,0.005157470703125
0.05860071200004313,0.005157470703125
0.058793187999981456,0.005157470703125
0.05898149400309194,0.005157470703125
0.059171850996790454,0.005157470703125
0.05932680699334014,0.005157470703125
0.05948090899619274,0.005157470703125
0.05963519400393125,0.005157470703125
0.05981834899284877,0.005157470703125
0.059976777993142605,0.005157470703125
0.06013468399760313,0.005157470703125
0.060292848997050896,0.005157470703125
0.06045018500299193,0.005157470703125
0.06061185999715235,0.005157470703125
0.06076938900514506,0.005157470703125
0.060927698999876156,0.005157470703125
0.06108416699862573,0.005157470703125
0.06124099899898283,0.005157470703125
0.06139705900568515,0.005157470703125
0.06155473299440928,0.005157470703125
0.06172839099599514,0.005157470703125
0.061884372000349686,0.005157470703125
0.062040655000600964,0.005157470703125
0.062197252991609275,0.005157470703125
0.062352872992050834,0.005157470703125
0.06250999600160867,0.005157470703125
0.06266723299631849,0.005157470703125
0.06280740500369575,0.005157470703125
0.06296663600369357,0.005157470703125
0.06312476799939759,0.005157470703125
0.06328141299309209,0.005157470703125
0.06348302500555292,0.005157470703125
0.0636411580053391,0.005157470703125
0.06380362900381442,0.005157470703125
0.0639604110037908,0.005157470703125
0.06411643099272624,0.005157470703125
0.06427226999949198,0.005157470703125
0.06442839599912986,0.005157470703125
0.06458457099506631,0.005157470703125
0.06475432199658826,0.005157470703125
0.06491169299988542,0.005157470703125
0.0650669759925222,0.005157470703125
0.06522283300000709,0.005157470703125
0.06537796900374815,0.005157470703125
0.06553587599773891,0.005157470703125
0.06569673400372267,0.005157470703125
0.06585494099999778,0.005157470703125
0.06601202499587089,0.005157470703125
0.06616884999675676,0.005157470703125
0.06632460000400897,0.005157470703125
0.06648082999163307,0.005157470703125
0.06663723099336494,0.005157470703125
0.06679237299249507,0.005157470703125
0.0669519719958771,0.005157470703125
0.06710969400592148,0.005157470703125
0.06726588499441277,0.005157470703125
0.06742350099375471,0.005157470703125
0.06758298199565616,0.005157470703125
0.06775641400599852,0.005157470703125
0.06790994499169756,0.005157470703125
0.0680632540024817,0.005157470703125
0.06821745999332052,0.005157470703125
0.06837151499348693,0.005157470703125
0.06852526299189776,0.005157470703125
0.06870380300097167,0.005157470703125
0.06886148899502587,0.005157470703125
0.06901761899644043,0.005157470703125
0.06917425899882801,0.005157470703125
0.06932882699766196,0.005157470703125
0.06948415300576016,0.005157470703125
0.06963915799860843,0.005157470703125
0.06980250000196975,0.005157470703125
0.06995976700272877,0.005157470703125
0.07011621100537013,0.005157470703125
0.07027160500001628,0.005157470703125
0.07042728499800432,0.005157470703125
0.07058250499540009,0.005157470703125
0.07074387300235685,0.005157470703125
0.0709160809929017,0.005157470703125
0.07107322099909652,0.005157470703125
0.0712290759984171,0.005157470703125
0.07138475000101607,0.005157470703125
0.07154076900042128,0.005157470703125
0.07170746399788186,0.005157470703125
0.07186437699419912,0.005157470703125
0.07202097299159504,0.005157470703125
0.07217827999556903,0.005157470703125
0.07233491000079084,0.005157470703125
0.07249199099896941,0.005157470703125
0.07264710099843796,0.005157470703125
0.07280286800232716,0.005157470703125
0.07295954000437632,0.005157470703125
0.07311729900538921,0.005157470703125
0.0732730659947265,0.005157470703125
0.07342744199559093,0.005157470703125
0.07359195400204044,0.005157470703125
0.07376035999914166,0.005157470703125
0.07391549600288272,0.005157470703125
0.07407204700575676,0.005157470703125
0.07422788000258151,0.005157470703125
0.07438421199913137,0.005157470703125
0.07454026000050362,0.005157470703125
0.07472049999341834,0.005157470703125
0.07490106200566515,0.005157470703125
0.07506021000153851,0.005157470703125
0.07521713599271607,0.005157470703125
0.07537380499707069,0.005157470703125
0.07553072899463587,0.005157470703125
0.0757086649973644,0.005157470703125
0.07586809599888511,0.005157470703125
0.07602256999234669,0.005157470703125
0.07617705699522048,0.005157470703125
0.07633055599580985,0.005157470703125
0.07648530299775302,0.005157470703125
0.0766570359992329,0.005157470703125
0.076819854992209,0.005157470703125
0.07697696999821346,0.005157470703125
0.07713353099825326,0.005157470703125
0.07728984099230729,0.005157470703125
0.07744740600173827,0.005157470703125
0.07760705999680795,0.005157470703125
0.07777006100513972,0.005157470703125
0.07792735399561934,0.005157470703125
0.07808510899485555,0.005157470703125
0.07824176899157465,0.005157470703125
0.0783982169959927,0.005157470703125
0.07855536100396421,0.005157470703125
0.07871732699277345,0.005157470703125
0.07890688600309659,0.005157470703125
0.07906552200438455,0.005157470703125
0.07922209000389557,0.005157470703125
0.07937829599541146,0.005157470703125
0.07955047699215356,0.005157470703125
0.07974126200133469,0.005157470703125
0.07991591999598313,0.005157470703125
0.08007494600315113,0.005157470703125
0.08023221300391015,0.005157470703125
0.08038890699390322,0.005157470703125
0.08054530300432816,0.005157470703125
0.08071325399214402,0.005157470703125
0.08087096399685834,0.005157470703125
0.08102725500066299,0.005157470703125
0.08118296699831262,0.005157470703125
0.08133944000292104,0.005157470703125
0.08149543299805373,0.005157470703125
0.08165100899350364,0.005157470703125
0.08180917099525686,0.005157470703125
0.08196523399965372,0.005157470703125
0.08212047700362746,0.005157470703125
0.08227676099340897,0.005157470703125
0.08243287900404539,0.005157470703125
0.08258922799723223,0.005157470703125
0.08276685100281611,0.005157470703125
0.08293930599757005,0.005157470703125
0.08309663999534678,0.005157470703125
0.08325291400251444,0.005157470703125
0.08342158299637958,0.005157470703125
0.08357988500210922,0.005157470703125
0.08374062599614263,0.005157470703125
0.08389826299389824,0.005157470703125
0.0840550489956513,0.005157470703125
0.08421171800000593,0.005157470703125
0.08437000999401789,0.005157470703125
0.08453696100332309,0.005157470703125
0.08474595499865245,0.005157470703125
0.08492050200584345,0.005157470703125
0.08507961400027853,0.005157470703125
0.08523597200110089,0.005157470703125
0.08539152199227829,0.005157470703125
0.08554696200008038,0.005157470703125
0.08571307199599687,0.005157470703125
0.08586957299849018,0.005157470703125
0.08602576899284031,0.005157470703125
0.08618197399482597,0.005157470703125
0.08634153800085187,0.005157470703125
0.08649736699589994,0.005157470703125
0.0866534020024119,0.005157470703125
0.08679258399934042,0.005157470703125
0.08695518400054425,0.005157470703125
0.08711261799908243,0.005157470703125
0.08726929599652067,0.005157470703125
0.08742554599302821,0.00563812255859375
0.08758237399160862,0.00563812255859375
0.08774765799171291,0.00563812255859375
0.08790472699911334,0.00563812255859375
0.08806103499955498,0.00563812255859375
0.08821944199735299,0.00563812255859375
0.08837667899206281,0.00563812255859375
0.08853427899884991,0.00563812255859375
0.08869623999635223,0.00563812255859375
0.08885486000508536,0.00563812255859375
0.08901216399681289,0.00563812255859375
0.08916918799513951,0.00563812255859375
0.08932713999820407,0.00563812255859375
0.08948211200186051,0.00563812255859375
0.08965478600293864,0.00563812255859375
0.08982066600583494,0.00563812255859375
0.08997738499601837,0.00563812255859375
0.09013355999195483,0.00563812255859375
0.09028925800521392,0.00563812255859375
0.09044584499497432,0.00563812255859375
0.090601499992772,0.00563812255859375
0.09076157500385307,0.00563812255859375
0.0909339460049523,0.00563812255859375
0.09109152200107928,0.00563812255859375
0.09124680400418583,0.00563812255859375
0.09140499000204727,0.00563812255859375
0.09156153300136793,0.00563812255859375
0.0917210490006255,0.00563812255859375
0.09187798699713312,0.00563812255859375
0.09203539699956309,0.00563812255859375
0.09219260599638801,0.00563812255859375
0.09235038100450765,0.00563812255859375
0.09250734899251256,0.00563812255859375
0.09266428400587756,0.00563812255859375
0.0928211190039292,0.00563812255859375
0.0929773810057668,0.00563812255859375
0.09313369500159752,0.00563812255859375
0.09328930100309663,0.00563812255859375
0.0934450829954585,0.00563812255859375
0.0936008370044874,0.00563812255859375
0.09376698300184216,0.00563812255859375
0.09392307000234723,0.00563812255859375
0.09407915400515776,0.00563812255859375
0.0942358600004809,0.00563812255859375
0.09439169100369327,0.00563812255859375
0.09454742900561541,0.00563812255859375
0.09476389200426638,0.00563812255859375
0.0949614900018787,0.00563812255859375
0.0951204989978578,0.00563812255859375
0.09527787000115495,0.00563812255859375
0.09543382799893152,0.00563812255859375
0.09558959299465641,0.00563812255859375
0.09576308200485073,0.00563812255859375
0.09592041499854531,0.00563812255859375
0.09607609099475667,0.00563812255859375
0.09623212099540979,0.00563812255859375
0.09640001799562015,0.00563812255859375
0.09655277099227533,0.00563812255859375
0.09672495299309958,0.00563812255859375
0.09688134600582998,0.00563812255859375
0.09704142400005367,0.00563812255859375
0.0971990590041969,0.00563812255859375
0.09735743199416902,0.00563812255859375
0.09751424899150152,0.00563812255859375
0.09767081199970562,0.00563812255859375
0.0978288589976728,0.00563812255859375
0.09798531699925661,0.00563812255859375
0.09814159999950789,0.00563812255859375
0.09829805699700955,0.00563812255859375
0.09845567800221033,0.00563812255859375
0.09862898700521328,0.00563812255859375
0.0987937189929653,0.00563812255859375
0.09896396700059995,0.00563812255859375
0.09913963099825196,0.00563812255859375
0.09929254700546153,0.00563812255859375
0.09944535700196866,0.00563812255859375
0.0995979629951762,0.00563812255859375
0.0997828209947329,0.00563812255859375
0.09994091199769173,0.00563812255859375
0.10009740600071382,0.00563812255859375
0.11027500599448103,0.00563812255859375
0.12059477799630258,0.00563812255859375
0.13088207799592055,0.0061187744140625
0.14120232600544114,0.0061187744140625
0.1515035399934277,0.0061187744140625
0.16180019499734044,0.00659942626953125
0.1720799890026683,0.00659942626953125
0.18241117599245626,0.00659942626953125
0.19268568100233097,0.007080078125
0.20292914399760775,0.007080078125
0.21320759700029157,0.007080078125
0.22347497400187422,0.00756072998046875
0.23376372999337036,0.00756072998046875
0.24401309099630453,0.00756072998046875
0.25425854699278716,0.0080413818359375
0.26451592199737206,0.0080413818359375
0.27480028799618594,0.0080413818359375
0.2850606110005174,0.0080413818359375
0.2953327610011911,0.00852203369140625
0.3056176669924753,0.00852203369140625
0.3158670699922368,0.00852203369140625
0.3261337639996782,0.009002685546875
0.3364055459969677,0.009002685546875
0.34666895600093994,0.009002685546875
0.356946820000303,0.009002685546875
0.3672065249993466,0.00948333740234375
0.3774707389966352,0.00948333740234375
0.3877453159948345,0.00948333740234375
0.39800873000058345,0.0099639892578125
0.40825419400061946,0.0099639892578125
0.41850887099280953,0.0099639892578125
0.4287840659962967,0.01044464111328125
0.4390266429982148,0.01044464111328125
0.44927974700112827,0.01044464111328125
0.4595584869966842,0.01044464111328125
0.4698451049916912,0.01092529296875
0.48012603700044565,0.01092529296875
0.4904124089953257,0.01140594482421875
0.5007033479923848,0.01140594482421875
0.5109701490000589,0.01140594482421875
0.5212265379959717,0.01140594482421875
0.5314744399947813,0.0118865966796875
0.541773295000894,0.0118865966796875
0.5520722600049339,0.0118865966796875
0.5623645769956056,0.0118865966796875
0.5726797509996686,0.01236724853515625
0.5829662070027553,0.01236724853515625
0.5932698079996044,0.01236724853515625
0.6035756799974479,0.012847900390625
0.6138899229990784,0.012847900390625
0.6241901470057201,0.012847900390625
0.6344889070023783,0.012847900390625
0.644800968002528,0.01332855224609375
0.6551004969951464,0.01332855224609375
0.6653819920029491,0.01332855224609375
0.6756340300053125,0.0138092041015625
0.6859045890014386,0.0138092041015625
0.6961794980015839,0.0138092041015625
0.7064778829953866,0.01428985595703125
0.7167778080038261,0.01428985595703125
0.7270587980019627,0.01428985595703125
0.7373689990054118,0.01428985595703125
0.7477019880025182,0.0147705078125
0.7579858620010782,0.0147705078125
0.7682643909938633,0.0147705078125
0.7785720029933145,0.01525115966796875
0.7888917029922595,0.01525115966796875
0.7991668809991097,0.01525115966796875
0.8094451469951309,0.01525115966796875
0.8197401639918098,0.0157318115234375
0.8300171540031442,0.0157318115234375
0.8402660559950164,0.0157318115234375
0.8505194470053539,0.01621246337890625
0.8607724869943922,0.0224609375
0.8710816959937802,0.03063201904296875
0.8813996770040831,0.03928375244140625
0.8917200319992844,0.047454833984375
0.9020414849946974,0.0561065673828125
0.9123667800013209,0.06475830078125
0.92270252299204,0.0734100341796875
0.9330174929928035,0.08158111572265625
0.9433143039932474,0.09023284912109375
0.9536368650005898,0.09023284912109375
0.9639161599916406,0.09023284912109375
0.9741760489996523,0.09023284912109375
0.9844698709930526,0.09023284912109375
0.994730114005506,0.09023284912109375
1.0050154810014647,0.09023284912109375
1.105365747003816,0.09119415283203125
1.205849229998421,0.13463592529296875
1.3063476770039415,0.2994117736816406
1.406844037992414,0.507049560546875
1.5073255369934486,0.6773948669433594
1.6078080190054607,0.8537178039550781
1.7082774989976315,0.9368705749511719
1.8087013579934137,0.9442520141601562
1.909130476997234,0.9471359252929688
2.009566224995069,0.9500198364257812
2.1100250739982584,0.9577102661132812
2.2104581210005563,0.9605941772460938
2.310912387998542,0.963958740234375
2.411360774000059,0.9668426513671875
2.5118010440055514,0.9697265625
2.612226263998309,0.9774169921875
2.7126646529941354,0.9798202514648438
2.8131166029925225,0.9827041625976562
2.9135708450048696,0.9860687255859375
3.014023896001163,0.98895263671875
3.1144584769936046,0.9918365478515625
3.2149445950053632,0.994720458984375
3.3154088400042383,0.9976043701171875
3.4158784549945267,1.00048828125
3.516337745997589,1.0031318664550781
3.6167852979997406,1.0060157775878906
3.717234276991803,1.0180320739746094
3.8176888820016757,1.0209159851074219
3.9181411839963403,1.0237998962402344
4.018580557996756,1.0266838073730469
4.1190551449981285,1.0295677185058594
4.219517252000514,1.0324516296386719
4.319997055004933,1.0353355407714844
4.420455404993845,1.0382194519042969
4.520916305002174,1.0415840148925781
4.6213588880054886,1.0444679260253906
4.7218247989949305,1.0473518371582031
4.822279283005628,1.0497550964355469
4.922728677993291,1.0531196594238281
5.023318908992223,1.0560035705566406
5.123804468996241,1.0588874816894531
5.22426175000146,1.0617713928222656
5.324709377993713,1.0651359558105469
5.425151713992818,1.0680198669433594
5.525604440001189,1.0709037780761719
5.626067029996193,1.0737876892089844
5.726504995996947,1.0766716003417969
5.827007204992697,1.0795555114746094
5.927472825002042,1.1007041931152344
6.0279335679952055,1.1021461486816406
6.128376666994882,0.95050048828125
6.2288153849949595,0.9615554809570312
6.329246235996834,0.9762001037597656
6.429677952997736,0.9877433776855469
6.530093196997768,1.0017051696777344
6.630531767994398,1.0132713317871094
6.73097541599418,1.0219306945800781
6.83147027999803,1.0286598205566406
6.931932242994662,1.0334968566894531
7.03237330900447,1.0414047241210938
7.13281540099706,1.048614501953125
7.2332804600009695,1.064483642578125
7.333726839002338,1.0813064575195312
7.434164770995267,1.0928497314453125
7.53457832300046,1.1041450500488281
7.635016304004239,1.114044189453125
7.735453097004211,1.1202926635742188
7.835892022005282,1.1318359375
7.936317457002588,1.1448135375976562
8.036748194004758,1.15203857421875
8.137161046994152,1.1587677001953125
8.23757455899613,1.1638069152832031
8.338021717005176,1.1950569152832031
8.438467036001384,1.1957778930664062
8.538921364000998,1.1966934204101562
8.639369358992553,1.1995773315429688
8.739811655002995,1.2024612426757812
8.840343364005093,1.2053451538085938
8.940844676995766,1.2082290649414062
9.041308150000987,1.2115936279296875
9.14176064399362,1.2144775390625
9.24221001699334,1.2173614501953125
9.342668999001035,1.220245361328125
9.443139134004014,1.2231292724609375
9.543621563003398,1.22601318359375
9.644085848995019,1.2288970947265625
9.744561350002186,1.231781005859375
9.845055561992922,1.2346649169921875
9.945543823996559,1.237548828125
10.046016409993172,1.2404327392578125
11.047391703992616,1.168304443359375
12.048770177992992,1.2645339965820312
13.050209323992021,1.3845252990722656
14.051558209001087,1.3820686340332031
15.052921046997653,1.4065818786621094
16.05427324300399,1.3580551147460938
17.05561263799609,1.4530601501464844
18.056979328001034,1.5199241638183594
19.058421844994882,1.5487632751464844
20.059845834999578,1.45623779296875
21.06130223600485,1.5420303344726562
22.062656422000146,1.6485633850097656
23.06402999800048,1.6861915588378906
24.065424796994193,1.7145500183105469
25.066795153004932,1.6487846374511719
26.068095260998234,1.7455596923828125
27.069422450993443,1.8292083740234375
28.07087786999182,1.8519973754882812
29.072253420003108,1.8803558349609375
30.07359293299669,1.8360404968261719
31.07492273200478,1.9296112060546875
32.07626042299671,1.9938087463378906
33.077646990001085,2.0231285095214844
34.07898178900359,1.942138671875
35.080324095994,2.029041290283203
36.08169623700087,2.1273956298828125
37.08303398199496,2.1624908447265625
38.084394606994465,2.1913299560546875
39.08576273400104,2.136363983154297
40.0871549059957,2.2282638549804688
41.088522135003586,2.3066024780273438
42.08988785499241,2.329425811767578
43.09127347399772,2.39599609375
44.092716789993574,2.3196792602539062
45.09403620399826,2.4205551147460938
46.09535249900364,2.472412109375
47.0967787069967,2.501251220703125
48.09818076099327,2.4321517944335938
49.09950811599265,2.5238075256347656
50.10084700200241,2.663257598876953
51.102210483993986,2.640666961669922
52.10359602999233,2.669025421142578
53.104958363997866,2.6255226135253906
54.10630365999532,2.719799041748047
55.10766966899973,2.7786712646484375
56.10903439699905,2.8075103759765625
57.11042865799391,2.8733596801757812
58.11177222899278,2.804706573486328
59.1131221550022,2.9100303649902344
60.11446529900422,2.9496917724609375
90.14483604500128,3.861907958984375
120.17751347999729,4.97381591796875
150.2079052820045,6.005863189697266
180.23844887700398,6.00933837890625
0,0
