0,0.0020391464233397993,1603039963.343088
0.00020574499649228528,0.0025197982788085493,1603039963.3434494
0.0003635789980762638,0.0025197982788085493,1603039963.34355
0.0004618820021278225,0.0025197982788085493,1603039963.3436568
0.000568559997191187,0.0025197982788085493,1603039963.3437455
0.000662362996081356,0.0025197982788085493,1603039963.343838
0.0007493449957109988,0.0025197982788085493,1603039963.3439238
0.0008348400006070733,0.0025197982788085493,1603039963.3440082
0.0009193079968099482,0.0025197982788085493,1603039963.3440964
0.0010077589977299795,0.0025197982788085493,1603039963.3441818
0.0010928850024356507,0.0025197982788085493,1603039963.344266
0.0011772389989346266,0.0025197982788085493,1603039963.34435
0.001261489000171423,0.0030004501342772993,1603039963.3444622
0.0013743019953835756,0.0030004501342772993,1603039963.344552
0.001463508997403551,0.0030004501342772993,1603039963.3446367
0.0015480469955946319,0.0030004501342772993,1603039963.3447213
0.0016325600008713081,0.0030004501342772993,1603039963.3448133
0.0017247529976884834,0.0030004501342772993,1603039963.3448987
0.0018098959990311414,0.0030004501342772993,1603039963.3449826
0.0018936389969894662,0.0030004501342772993,1603039963.3450658
0.0019769029968301766,0.0030004501342772993,1603039963.3451483
0.0020594289962900802,0.0030004501342772993,1603039963.3452313
0.0021426199964480475,0.0030004501342772993,1603039963.3453147
0.002225903997896239,0.0030004501342772993,1603039963.345398
0.002308955001353752,0.0030004501342772993,1603039963.3454804
0.0023914939956739545,0.0030004501342772993,1603039963.345563
0.0024740739972912706,0.0030004501342772993,1603039963.3456457
0.0025567139964550734,0.0030004501342772993,1603039963.3457277
0.002638815996760968,0.0030004501342772993,1603039963.3458161
0.0027272669976809993,0.0030004501342772993,1603039963.345899
0.002810252997733187,0.0030004501342772993,1603039963.3459823
0.0028933380017406307,0.0030004501342772993,1603039963.346065
0.0029761319965473376,0.0030004501342772993,1603039963.3461473
0.0030585630011046305,0.0030004501342772993,1603039963.34623
0.0031411500021931715,0.0034811019897460493,1603039963.3463128
0.003223724997951649,0.0034811019897460493,1603039963.3464012
0.0033125979971373454,0.0034811019897460493,1603039963.346486
0.0033971609955187887,0.0034811019897460493,1603039963.3465695
0.00348057399969548,0.0034811019897460493,1603039963.346653
0.003563817997928709,0.0034811019897460493,1603039963.3467367
0.003647732999525033,0.0034811019897460493,1603039963.3468254
0.0037365210009738803,0.0034811019897460493,1603039963.346909
0.0038198620022740215,0.0034811019897460493,1603039963.346992
0.003903208998963237,0.0034811019897460493,1603039963.3470747
0.0039858410018496215,0.0034811019897460493,1603039963.3471577
0.004068723996169865,0.0034811019897460493,1603039963.3472407
0.00415210999926785,0.0034811019897460493,1603039963.3473237
0.00423492999834707,0.0034811019897460493,1603039963.3474069
0.00431801300146617,0.0034811019897460493,1603039963.3474896
0.004400666999572422,0.0034811019897460493,1603039963.3475716
0.004482700998778455,0.0034811019897460493,1603039963.347654
0.004565256000205409,0.0034811019897460493,1603039963.3477407
0.004651862996979617,0.0034811019897460493,1603039963.3478315
0.004742814999190159,0.0034811019897460493,1603039963.3479154
0.004826853000849951,0.0034811019897460493,1603039963.3479996
0.004910545998427551,0.0034811019897460493,1603039963.3480828
0.004993784998077899,0.0034811019897460493,1603039963.3481662
0.005077003996120766,0.0034811019897460493,1603039963.3482497
0.005160554996109568,0.0034811019897460493,1603039963.3483334
0.005244633997790515,0.0034811019897460493,1603039963.3484266
0.005353610999009106,0.0034811019897460493,1603039963.348532
0.005443346999527421,0.0034811019897460493,1603039963.3486166
0.005527946996153332,0.0034811019897460493,1603039963.3487012
0.005612175998976454,0.003961753845214799,1603039963.3487902
0.005701427995518316,0.003961753845214799,1603039963.3488762
0.005787313995824661,0.003961753845214799,1603039963.3489597
0.005870852000953164,0.003961753845214799,1603039963.3490431
0.005954333995759953,0.003961753845214799,1603039963.3491256
0.006036847997165751,0.003961753845214799,1603039963.349208
0.006119083998783026,0.003961753845214799,1603039963.3492901
0.006201365002198145,0.003961753845214799,1603039963.3493729
0.006283887996687554,0.003961753845214799,1603039963.3494554
0.006366322995745577,0.003961753845214799,1603039963.349538
0.006449631997384131,0.003961753845214799,1603039963.349621
0.006532177998451516,0.003961753845214799,1603039963.3497045
0.0066155099993920885,0.003961753845214799,1603039963.3497925
0.0067037429980700836,0.003961753845214799,1603039963.3498766
0.006787911996070761,0.003961753845214799,1603039963.3499591
0.006870355995488353,0.003961753845214799,1603039963.3500426
0.006953805997909512,0.003961753845214799,1603039963.3501253
0.007036285998765379,0.003961753845214799,1603039963.3502078
0.007118718000128865,0.003961753845214799,1603039963.3502898
0.007200818996352609,0.003961753845214799,1603039963.350372
0.007283106999238953,0.003961753845214799,1603039963.350454
0.0073650709964567795,0.003961753845214799,1603039963.3505359
0.007447017000231426,0.003961753845214799,1603039963.3506224
0.007533814001362771,0.003961753845214799,1603039963.3507054
0.007616488997882698,0.004442405700683549,1603039963.3507924
0.007703671995841432,0.004442405700683549,1603039963.3508756
0.00778695399640128,0.004442405700683549,1603039963.3509586
0.007869722998293582,0.004442405700683549,1603039963.3510416
0.007952587999170646,0.004442405700683549,1603039963.3511238
0.008034828999370802,0.004442405700683549,1603039963.3512073
0.00811821599927498,0.004442405700683549,1603039963.3512928
0.008203997997043189,0.004442405700683549,1603039963.3513763
0.008287420001579449,0.004442405700683549,1603039963.3514597
0.008370748997549526,0.004442405700683549,1603039963.351543
0.008454048002022319,0.004442405700683549,1603039963.3516262
0.00853741199534852,0.004442405700683549,1603039963.3517094
0.008620683998742606,0.004442405700683549,1603039963.3517985
0.008709863999683876,0.004442405700683549,1603039963.3518834
0.008794757995929103,0.004442405700683549,1603039963.3519673
0.008878399996319786,0.004442405700683549,1603039963.3520515
0.008962636995420326,0.004442405700683549,1603039963.3521354
0.009046685001521837,0.004442405700683549,1603039963.3522184
0.009129432997724507,0.004442405700683549,1603039963.3523014
0.00921232099790359,0.004442405700683549,1603039963.352384
0.009295183997892309,0.004442405700683549,1603039963.3524828
0.009394330998475198,0.004442405700683549,1603039963.3525686
0.009479508000367787,0.004442405700683549,1603039963.3526514
0.00956256400240818,0.004442405700683549,1603039963.352734
0.009645170001022052,0.004923057556152299,1603039963.352822
0.009733130995300598,0.004923057556152299,1603039963.3529053
0.009816343997954391,0.004923057556152299,1603039963.352989
0.009899873999529518,0.004923057556152299,1603039963.3530726
0.009983998999814503,0.004923057556152299,1603039963.3531563
0.010067447998153511,0.004923057556152299,1603039963.353239
0.010273011001117993,0.004923057556152299,1603039963.353477
0.010473720998561475,0.004923057556152299,1603039963.3536613
0.010653510995325632,0.004923057556152299,1603039963.3538485
0.010840158000064548,0.004923057556152299,1603039963.3540227
0.011003560000972357,0.004923057556152299,1603039963.3541815
0.011162249997141771,0.004923057556152299,1603039963.3543396
0.011319614000967704,0.004923057556152299,1603039963.354497
0.011476938001578674,0.005403709411621049,1603039963.3546543
0.011634634996880777,0.005403709411621049,1603039963.3548317
0.011813493001682218,0.005403709411621049,1603039963.3549917
0.011973112996201962,0.005403709411621049,1603039963.3551502
0.01213056100095855,0.005403709411621049,1603039963.3553076
0.012287924997508526,0.005403709411621049,1603039963.3554647
0.012445506996300537,0.005403709411621049,1603039963.355622
0.012602135000634007,0.005403709411621049,1603039963.3557827
0.012762988000758924,0.005403709411621049,1603039963.355941
0.01292153599933954,0.005403709411621049,1603039963.356099
0.013079707998258527,0.005403709411621049,1603039963.356257
0.013237817001936492,0.005403709411621049,1603039963.3564231
0.013403029995970428,0.005403709411621049,1603039963.3565834
0.013563857995904982,0.005403709411621049,1603039963.356742
0.01372802799596684,0.005403709411621049,1603039963.3569067
0.013887235996662639,0.005403709411621049,1603039963.3570652
0.01404636899678735,0.005403709411621049,1603039963.3572242
0.014204487000824884,0.005403709411621049,1603039963.357383
0.014362998001161031,0.005403709411621049,1603039963.35754
0.014520386997901369,0.005403709411621049,1603039963.3576975
0.014687951996165793,0.005403709411621049,1603039963.3578696
0.014850243998807855,0.005403709411621049,1603039963.358029
0.015008691996627022,0.005884361267089799,1603039963.3581858
0.015165552002144977,0.005884361267089799,1603039963.358342
0.015382756995677482,0.005884361267089799,1603039963.358583
0.015566937996482011,0.005884361267089799,1603039963.358751
0.01573149499745341,0.005884361267089799,1603039963.3589091
0.015889279995462857,0.005884361267089799,1603039963.359066
0.0160463290012558,0.005884361267089799,1603039963.3592231
0.016203639999730512,0.005884361267089799,1603039963.3593805
0.01636069099913584,0.005884361267089799,1603039963.3595374
0.016517775002284907,0.005884361267089799,1603039963.3596942
0.016681526001775637,0.006365013122558549,1603039963.359861
0.01684211899555521,0.006365013122558549,1603039963.3600192
0.016999817999021616,0.006365013122558549,1603039963.3601763
0.01715678199980175,0.006365013122558549,1603039963.360334
0.017314290002104826,0.006365013122558549,1603039963.3605103
0.01749039899732452,0.006365013122558549,1603039963.3606687
0.017648994995397516,0.006365013122558549,1603039963.3608305
0.017810541001381353,0.006365013122558549,1603039963.3609893
0.017970244996831752,0.006365013122558549,1603039963.3611495
0.018129887997929472,0.006365013122558549,1603039963.3613086
0.01828884799760999,0.006365013122558549,1603039963.361466
0.018445629000780173,0.006365013122558549,1603039963.3616223
0.018602156000270043,0.006365013122558549,1603039963.3617964
0.01877662599872565,0.006365013122558549,1603039963.3619552
0.0189355769980466,0.006845664978027299,1603039963.3621123
0.019093035996775143,0.006845664978027299,1603039963.3622692
0.019249541997851338,0.006845664978027299,1603039963.3624258
0.01940611699683359,0.006845664978027299,1603039963.3625824
0.019562747002055403,0.006845664978027299,1603039963.36275
0.01973587700194912,0.006845664978027299,1603039963.3629553
0.01994323699909728,0.006845664978027299,1603039963.3631728
0.0201562570000533,0.006845664978027299,1603039963.363343
0.020338800000899937,0.006845664978027299,1603039963.3635244
0.02050549099658383,0.006845664978027299,1603039963.3636854
0.020680627996625844,0.006845664978027299,1603039963.3638613
0.020842085999902338,0.006845664978027299,1603039963.3640199
0.021000273001845926,0.007326316833496049,1603039963.3641782
0.02115846599917859,0.007326316833496049,1603039963.3643358
0.021316195001418237,0.007326316833496049,1603039963.3645105
0.021491018000233453,0.007326316833496049,1603039963.364674
0.021658024001226295,0.007326316833496049,1603039963.364837
0.021817003995238338,0.007326316833496049,1603039963.3649943
0.021975151998049114,0.007326316833496049,1603039963.3651528
0.02213256600225577,0.007326316833496049,1603039963.3653092
0.022289579996140674,0.007326316833496049,1603039963.365466
0.022446392998972442,0.007326316833496049,1603039963.365623
0.02260324000235414,0.007326316833496049,1603039963.3657973
0.022777689999202266,0.007326316833496049,1603039963.3659568
0.02293685299810022,0.007326316833496049,1603039963.366114
0.023094120995665435,0.007326316833496049,1603039963.3662705
0.023250596001162194,0.007326316833496049,1603039963.3664277
0.02340952099621063,0.007326316833496049,1603039963.3665867
0.02356789499754086,0.007326316833496049,1603039963.3667548
0.023735431001114193,0.007326316833496049,1603039963.366913
0.023893607998616062,0.007806968688964799,1603039963.3670704
0.024050770000030752,0.007806968688964799,1603039963.3672273
0.024208126997109503,0.007806968688964799,1603039963.3677208
0.024706828000489622,0.007806968688964799,1603039963.3679054
0.024887428000511136,0.007806968688964799,1603039963.368071
0.025052213997696526,0.007806968688964799,1603039963.368232
0.025211970998498145,0.007806968688964799,1603039963.3684
0.025348422001115978,0.007806968688964799,1603039963.3685293
0.025510132996714674,0.007806968688964799,1603039963.368688
0.025668989001133014,0.007806968688964799,1603039963.3688476
0.025827372999629006,0.007806968688964799,1603039963.3690047
0.025985711996327154,0.007806968688964799,1603039963.3691633
0.02614393700059736,0.007806968688964799,1603039963.369322
0.02630300199962221,0.007806968688964799,1603039963.3694823
0.026462909001566004,0.007806968688964799,1603039963.3696415
0.026623425997968297,0.007806968688964799,1603039963.369807
0.02678749799815705,0.007806968688964799,1603039963.3699658
0.026946505000523757,0.007806968688964799,1603039963.3701239
0.02710341499914648,0.007806968688964799,1603039963.3702803
0.027260511000349652,0.00828762054443355,1603039963.370442
0.02742249999573687,0.00828762054443355,1603039963.3706007
0.02758143599930918,0.00828762054443355,1603039963.3707643
0.027744510996853933,0.00828762054443355,1603039963.3709223
0.027902508001716342,0.00828762054443355,1603039963.37108
0.028060008997272234,0.00828762054443355,1603039963.371238
0.028217608996783383,0.00828762054443355,1603039963.3713956
0.028375601999869104,0.00828762054443355,1603039963.3715525
0.028532541000458878,0.00828762054443355,1603039963.3717093
0.02869038099743193,0.00828762054443355,1603039963.3718688
0.028849303002061788,0.00828762054443355,1603039963.3720272
0.029007609002292156,0.00828762054443355,1603039963.3721845
0.02916461399581749,0.00828762054443355,1603039963.3723419
0.029322158996365033,0.00828762054443355,1603039963.372515
0.02949629200156778,0.00828762054443355,1603039963.372674
0.02965732199663762,0.00828762054443355,1603039963.3728356
0.029816402995493263,0.00828762054443355,1603039963.3729982
0.0299787309995736,0.00828762054443355,1603039963.3731565
0.0301378099975409,0.00828762054443355,1603039963.3733149
0.030299378995550796,0.00828762054443355,1603039963.3734787
0.030459322995739058,0.0087682723999023,1603039963.3736367
0.030616447002103087,0.0087682723999023,1603039963.3737981
0.030777934996876866,0.0087682723999023,1603039963.3739557
0.03093584399903193,0.0087682723999023,1603039963.3741126
0.03109235200099647,0.0087682723999023,1603039963.374269
0.031249129002389964,0.0087682723999023,1603039963.374426
0.031405550995259546,0.0087682723999023,1603039963.3745816
0.03156163200037554,0.0087682723999023,1603039963.374738
0.031718218997411896,0.0087682723999023,1603039963.3748953
0.03187525899556931,0.0087682723999023,1603039963.3750522
0.032032135997724254,0.0087682723999023,1603039963.3752089
0.03219015899958322,0.0087682723999023,1603039963.3753667
0.03234655199776171,0.0087682723999023,1603039963.3755238
0.03250365200074157,0.0087682723999023,1603039963.3756804
0.03266268999868771,0.0087682723999023,1603039963.3758397
0.03282020399637986,0.0087682723999023,1603039963.3759975
0.032977687995298766,0.0087682723999023,1603039963.3761547
0.033134787998278625,0.0087682723999023,1603039963.3763115
0.03329155300161801,0.0087682723999023,1603039963.3764968
0.03347740400204202,0.00924892425537105,1603039963.3766556
0.03363555100077065,0.00924892425537105,1603039963.3768172
0.033798078999097925,0.00924892425537105,1603039963.3769758
0.03395594500034349,0.00924892425537105,1603039963.3771334
0.03411308900103904,0.00924892425537105,1603039963.3772907
0.034271272001205944,0.00924892425537105,1603039963.3774502
0.034430141997290775,0.00924892425537105,1603039963.3776126
0.034592714997415897,0.00924892425537105,1603039963.3777761
0.034756437002215534,0.00924892425537105,1603039963.377934
0.034913874995254446,0.00924892425537105,1603039963.3780913
0.035074490995611995,0.00924892425537105,1603039963.3782518
0.03523131799738621,0.00924892425537105,1603039963.3784175
0.035398218999034725,0.00924892425537105,1603039963.378577
0.03555749599763658,0.00924892425537105,1603039963.3787344
0.035713896999368444,0.00924892425537105,1603039963.378891
0.03587203400093131,0.00924892425537105,1603039963.3790479
0.036027494999871124,0.00924892425537105,1603039963.3792036
0.03618320100213168,0.00924892425537105,1603039963.3793592
0.03633943499880843,0.00924892425537105,1603039963.3795156
0.036496032000286505,0.0097295761108398,1603039963.3796723
0.036652187001891434,0.0097295761108398,1603039963.379832
0.036812277998251375,0.0097295761108398,1603039963.3799884
0.03696909699647222,0.0097295761108398,1603039963.3801455
0.037125627997738775,0.0097295761108398,1603039963.3803022
0.03728200399928028,0.0097295761108398,1603039963.3804727
0.037452491000294685,0.0097295761108398,1603039963.3806303
0.03761033099726774,0.0097295761108398,1603039963.380792
0.03777253299631411,0.0097295761108398,1603039963.3809543
0.03793457999563543,0.0097295761108398,1603039963.3811119
0.038092898998002056,0.0097295761108398,1603039963.3812695
0.03824944199732272,0.0097295761108398,1603039963.3814263
0.038406555002438836,0.0097295761108398,1603039963.3815832
0.03856326599634485,0.0097295761108398,1603039963.3817403
0.038720315002137795,0.0097295761108398,1603039963.3818972
0.03887681399646681,0.0097295761108398,1603039963.3820536
0.03903350899781799,0.0097295761108398,1603039963.3822103
0.03919045699876733,0.0097295761108398,1603039963.3823667
0.03934660099912435,0.0097295761108398,1603039963.382531
0.03951093200157629,0.0097295761108398,1603039963.3826883
0.039667732002271805,0.01021022796630855,1603039963.3828444
0.03982425599679118,0.01021022796630855,1603039963.3830013
0.039981257999897934,0.01021022796630855,1603039963.3831575
0.040138890995876864,0.01021022796630855,1603039963.3833156
0.04030047100241063,0.01021022796630855,1603039963.3834794
0.04045949799910886,0.01021022796630855,1603039963.3836527
0.04063345000031404,0.01021022796630855,1603039963.3838203
0.04080059199623065,0.01021022796630855,1603039963.38398
0.04096049299550941,0.01021022796630855,1603039963.3841383
0.041118936002021655,0.01021022796630855,1603039963.3842964
0.041277185002400074,0.01021022796630855,1603039963.384482
0.04146207399753621,0.01021022796630855,1603039963.3846421
0.04162237299897242,0.01021022796630855,1603039963.384805
0.04178527899784967,0.01021022796630855,1603039963.3849638
0.04194431100040674,0.01021022796630855,1603039963.385123
0.04210359900025651,0.01021022796630855,1603039963.3852816
0.04226220199780073,0.01021022796630855,1603039963.3854415
0.0424215019957046,0.0106908798217773,1603039963.385601
0.042581027999403886,0.0106908798217773,1603039963.3857636
0.04274369199993089,0.0106908798217773,1603039963.385922
0.042902011999103706,0.0106908798217773,1603039963.386079
0.04305935600132216,0.0106908798217773,1603039963.3862362
0.04321647599863354,0.0106908798217773,1603039963.3863933
0.043373353000788484,0.0106908798217773,1603039963.3865502
0.04353002100106096,0.0106908798217773,1603039963.386706
0.043686149998393375,0.0106908798217773,1603039963.386864
0.0438447529959376,0.0106908798217773,1603039963.3870249
0.0440057239975431,0.0106908798217773,1603039963.3871832
0.0441628389962716,0.0106908798217773,1603039963.3873396
0.04432107799948426,0.0106908798217773,1603039963.3874989
0.04447852399607655,0.0106908798217773,1603039963.387656
0.04463579099683557,0.0106908798217773,1603039963.387817
0.044797206996008754,0.0106908798217773,1603039963.3879743
0.04495464399951743,0.0106908798217773,1603039963.3881311
0.045110986997315194,0.01117153167724605,1603039963.388287
0.04526690099737607,0.01117153167724605,1603039963.3884683
0.045448851997207385,0.01117153167724605,1603039963.3886287
0.045609048996993806,0.01117153167724605,1603039963.3887932
0.04577322999830358,0.01117153167724605,1603039963.3889544
0.04593444499914767,0.01117153167724605,1603039963.3891115
0.04609159699612064,0.01117153167724605,1603039963.3892684
0.046248865000961814,0.01117153167724605,1603039963.389426
0.04640618299890775,0.01117153167724605,1603039963.389583
0.046562944997276645,0.01117153167724605,1603039963.3897398
0.04671958399558207,0.01117153167724605,1603039963.3898976
0.04687750499579124,0.01117153167724605,1603039963.3900552
0.04703509499813663,0.01117153167724605,1603039963.390213
0.047193093996611424,0.01117153167724605,1603039963.390371
0.04735156300012022,0.01117153167724605,1603039963.390533
0.04751304700039327,0.01117153167724605,1603039963.3906918
0.04767221600195626,0.01117153167724605,1603039963.3908513
0.04783260399563005,0.01117153167724605,1603039963.39101
0.04799015499884263,0.01117153167724605,1603039963.3911674
0.04814739999710582,0.0116521835327148,1603039963.3913252
0.048305131000233814,0.0116521835327148,1603039963.391482
0.048461940001288895,0.0116521835327148,1603039963.3916395
0.04861936099769082,0.0116521835327148,1603039963.3918006
0.04878180899686413,0.0116521835327148,1603039963.3919604
0.048940423999738414,0.0116521835327148,1603039963.3921187
0.04909886899986304,0.0116521835327148,1603039963.3922768
0.04925713199918391,0.0116521835327148,1603039963.3924477
0.049427801997808274,0.0116521835327148,1603039963.392606
0.04958582999825012,0.0116521835327148,1603039963.3927672
0.049747473996831104,0.0116521835327148,1603039963.392925
0.04990501899737865,0.0116521835327148,1603039963.3930826
0.050063178001437336,0.0116521835327148,1603039963.393241
0.05022103899682406,0.0116521835327148,1603039963.3934083
0.05038868699921295,0.0116521835327148,1603039963.3935695
0.05054932699567871,0.0116521835327148,1603039963.3937278
0.050707570000668056,0.0116521835327148,1603039963.3938859
0.05086681000102544,0.0116521835327148,1603039963.3940442
0.05102509499556618,0.01213283538818355,1603039963.3942027
0.05118270799721358,0.01213283538818355,1603039963.3943594
0.05133958200167399,0.01213283538818355,1603039963.3945165
0.051497180000296794,0.01213283538818355,1603039963.3946755
0.05165927599591669,0.01213283538818355,1603039963.3948379
0.051817467996443156,0.01213283538818355,1603039963.3949947
0.05197444499935955,0.01213283538818355,1603039963.3951511
0.052131022996036336,0.01213283538818355,1603039963.395308
0.0522879929994815,0.01213283538818355,1603039963.395465
0.05244485900038853,0.01213283538818355,1603039963.3956225
0.052602356001443695,0.01213283538818355,1603039963.3957841
0.05276404599862872,0.01213283538818355,1603039963.395941
0.052921378999599256,0.01213283538818355,1603039963.3960974
0.05307842700131005,0.01213283538818355,1603039963.3962555
0.05324010199547047,0.01213283538818355,1603039963.396418
0.053397700998175424,0.01213283538818355,1603039963.3965757
0.05355643200164195,0.01213283538818355,1603039963.3967335
0.05371348599874182,0.01213283538818355,1603039963.3968954
0.05387577899819007,0.01213283538818355,1603039963.397054
0.054033371998229995,0.01213283538818355,1603039963.3972132
0.0541933179993066,0.01213283538818355,1603039963.3973725
0.05435271199530689,0.0126134872436523,1603039963.3975298
0.05450969000230543,0.0126134872436523,1603039963.3976865
0.05466618799982825,0.0126134872436523,1603039963.3978443
0.0548243419980281,0.0126134872436523,1603039963.3980021
0.054982643996481784,0.0126134872436523,1603039963.39816
0.05513968400191516,0.0126134872436523,1603039963.3983166
0.055300269996223506,0.0126134872436523,1603039963.3984802
0.055460641997342464,0.0126134872436523,1603039963.398638
0.05561874699924374,0.0126134872436523,1603039963.3988
0.05577973799518077,0.0126134872436523,1603039963.3989568
0.05593755999871064,0.0126134872436523,1603039963.399114
0.0560936629990465,0.0126134872436523,1603039963.3992708
0.05625067299843067,0.0126134872436523,1603039963.3994265
0.05640635999588994,0.0126134872436523,1603039963.3995824
0.056562878999102395,0.0126134872436523,1603039963.3997388
0.05671855100081302,0.0126134872436523,1603039963.3998952
0.05687553399911849,0.0126134872436523,1603039963.400052
0.05703245799668366,0.0126134872436523,1603039963.4002092
0.057190164996427484,0.0126134872436523,1603039963.400366
0.05736586300190538,0.01309413909912105,1603039963.400546
0.0575267719978001,0.01309413909912105,1603039963.4007037
0.057683737999468576,0.01309413909912105,1603039963.4008608
0.05784045899781631,0.01309413909912105,1603039963.401017
0.057997033996798564,0.01309413909912105,1603039963.4011745
0.05815442699531559,0.01309413909912105,1603039963.4013333
0.058313301000453066,0.01309413909912105,1603039963.401491
0.058471210999414325,0.01309413909912105,1603039963.4016485
0.05862828799581621,0.01309413909912105,1603039963.40181
0.05878951100021368,0.01309413909912105,1603039963.401967
0.058947003999492154,0.01309413909912105,1603039963.4021235
0.059103002000483684,0.01309413909912105,1603039963.4022791
0.05925987999944482,0.01309413909912105,1603039963.4024363
0.05941645999700995,0.01309413909912105,1603039963.4025931
0.05957419799960917,0.01309413909912105,1603039963.4027548
0.059734497001045384,0.0135747909545898,1603039963.4029114
0.05989117900026031,0.0135747909545898,1603039963.4030678
0.06005104599898914,0.0135747909545898,1603039963.4032276
0.06020812699716771,0.0135747909545898,1603039963.4033847
0.060375216002285015,0.0135747909545898,1603039963.4035542
0.06053490500198677,0.0135747909545898,1603039963.4037137
0.06069406800088473,0.0135747909545898,1603039963.4038763
0.06085757700202521,0.0135747909545898,1603039963.404035
0.06101517799834255,0.0135747909545898,1603039963.4041924
0.06117286899825558,0.0135747909545898,1603039963.40435
0.06132970199541887,0.0135747909545898,1603039963.4045212
0.06150108899601037,0.0135747909545898,1603039963.404678
0.06166172600205755,0.0135747909545898,1603039963.4048443
0.06182414599607,0.0135747909545898,1603039963.4050033
0.061983742998563685,0.0135747909545898,1603039963.405162
0.06214203799754614,0.0135747909545898,1603039963.40532
0.06230003100063186,0.0135747909545898,1603039963.4054775
0.06245788899832405,0.0135747909545898,1603039963.405635
0.06261603500024648,0.0135747909545898,1603039963.4057968
0.06277777999639511,0.01405544281005855,1603039963.4059544
0.06293427299533505,0.01405544281005855,1603039963.406111
0.06309104899992235,0.01405544281005855,1603039963.4062686
0.06324963700171793,0.01405544281005855,1603039963.4064264
0.06340643399744295,0.01405544281005855,1603039963.4065833
0.06356288700044388,0.01405544281005855,1603039963.4067392
0.06371963200217579,0.01405544281005855,1603039963.4068968
0.06387686199741438,0.01405544281005855,1603039963.4070537
0.06403365000005579,0.01405544281005855,1603039963.4072096
0.06418976599525195,0.01405544281005855,1603039963.407366
0.06434631600131979,0.01405544281005855,1603039963.4075227
0.06450300700089429,0.01405544281005855,1603039963.4076796
0.06466253200051142,0.01405544281005855,1603039963.4078395
0.06481952300237026,0.01405544281005855,1603039963.4079967
0.0649764280024101,0.01405544281005855,1603039963.408153
0.06513403500139248,0.01405544281005855,1603039963.4083104
0.06529081999906339,0.01405544281005855,1603039963.40849
0.06547023999883095,0.01405544281005855,1603039963.4086483
0.06562816299992846,0.01405544281005855,1603039963.4088085
0.06578902500041295,0.0145360946655273,1603039963.4089653
0.06594582500110846,0.0145360946655273,1603039963.4091234
0.0661031429990544,0.0145360946655273,1603039963.4092872
0.06626719799533021,0.0145360946655273,1603039963.4094453
0.0664257960015675,0.0145360946655273,1603039963.4096036
0.06658369200158631,0.0145360946655273,1603039963.409764
0.0667447660016478,0.0145360946655273,1603039963.409922
0.06690184400213184,0.0145360946655273,1603039963.4100788
0.06705912399775116,0.0145360946655273,1603039963.41024
0.06722063200140838,0.0145360946655273,1603039963.410398
0.06737918599537807,0.0145360946655273,1603039963.410561
0.0675414860015735,0.0145360946655273,1603039963.4107192
0.06769887999689672,0.0145360946655273,1603039963.4108758
0.0678566709975712,0.0145360946655273,1603039963.4110332
0.06801337099750526,0.0145360946655273,1603039963.4111905
0.0681705749957473,0.0145360946655273,1603039963.4113476
0.06832764399587177,0.0145360946655273,1603039963.4115047
0.06848506599635584,0.0145360946655273,1603039963.4116628
0.06864310699893394,0.01501674652099605,1603039963.4118242
0.06880449299933389,0.01501674652099605,1603039963.4119818
0.06896196399611654,0.01501674652099605,1603039963.412139
0.06912202899547992,0.01501674652099605,1603039963.4122987
0.06927854399691569,0.01501674652099605,1603039963.41247
0.0694500249956036,0.01501674652099605,1603039963.4126287
0.0696088940021582,0.01501674652099605,1603039963.4127967
0.06977681999705965,0.01501674652099605,1603039963.4129548
0.06993487999716308,0.01501674652099605,1603039963.4131124
0.07009234299766831,0.01501674652099605,1603039963.4132693
0.07025009599601617,0.01501674652099605,1603039963.4134357
0.07041625899728388,0.01501674652099605,1603039963.4135952
0.07057528600125806,0.01501674652099605,1603039963.4137564
0.0707360910018906,0.01501674652099605,1603039963.4139135
0.070893406002142,0.01501674652099605,1603039963.4140706
0.07105120799678843,0.01501674652099605,1603039963.414228
0.07120893699902808,0.01501674652099605,1603039963.4143856
0.07136690500192344,0.01501674652099605,1603039963.4145439
0.0715239599958295,0.01501674652099605,1603039963.4147005
0.07168013200134737,0.01501674652099605,1603039963.414857
0.0718374970019795,0.01501674652099605,1603039963.4150136
0.07199367599969264,0.0154973983764648,1603039963.4151702
0.07215082999755396,0.0154973983764648,1603039963.4153275
0.07230769899615552,0.0154973983764648,1603039963.4154844
0.07246460399619536,0.0154973983764648,1603039963.4156415
0.0726221219956642,0.0154973983764648,1603039963.4158032
0.07278407299600076,0.0154973983764648,1603039963.4159613
0.07294121699669631,0.0154973983764648,1603039963.4161184
0.07309796199842822,0.0154973983764648,1603039963.4162753
0.0732553409980028,0.0154973983764648,1603039963.4164543
0.07343444300204283,0.0154973983764648,1603039963.4166124
0.07359305299905827,0.0154973983764648,1603039963.4167747
0.07375467699603178,0.0154973983764648,1603039963.4169316
0.07391133499913849,0.0154973983764648,1603039963.4170897
0.07407023399719037,0.0154973983764648,1603039963.417249
0.07422921100078383,0.0154973983764648,1603039963.4174144
0.07439480500033824,0.0154973983764648,1603039963.4175737
0.07455558199580992,0.0154973983764648,1603039963.4177337
0.07471403599629411,0.0154973983764648,1603039963.417892
0.0748726789970533,0.0154973983764648,1603039963.41805
0.07503009399806615,0.01597805023193355,1603039963.4182076
0.07518749599694274,0.01597805023193355,1603039963.4183636
0.07541086499986704,0.01597805023193355,1603039963.4186146
0.0755979089954053,0.01597805023193355,1603039963.4188013
0.07578263199684443,0.01597805023193355,1603039963.418963
0.07594342599622905,0.01597805023193355,1603039963.4191208
0.07610082299652277,0.01597805023193355,1603039963.4192781
0.07625820300017949,0.01597805023193355,1603039963.4194353
0.07641648600110784,0.01597805023193355,1603039963.4195943
0.07657500299683306,0.01597805023193355,1603039963.4197567
0.0767363779959851,0.01597805023193355,1603039963.419914
0.07689381799718831,0.01597805023193355,1603039963.420071
0.07705128999805311,0.01597805023193355,1603039963.4202282
0.0772086950019002,0.01597805023193355,1603039963.4203851
0.07734817599703092,0.01597805023193355,1603039963.4205265
0.07750644699990517,0.01597805023193355,1603039963.420684
0.0776644790021237,0.01597805023193355,1603039963.4208472
0.07782705000136048,0.01597805023193355,1603039963.4210045
0.07798465099767782,0.0164587020874023,1603039963.4211614
0.07814141800190555,0.0164587020874023,1603039963.421318
0.0782980059957481,0.0164587020874023,1603039963.4214745
0.07845530600025086,0.0164587020874023,1603039963.4216318
0.07861156099534128,0.0164587020874023,1603039963.4217932
0.07877293199999258,0.0164587020874023,1603039963.42195
0.07892986499791732,0.0164587020874023,1603039963.4221063
0.07908609999867622,0.0164587020874023,1603039963.4222627
0.07924747400102206,0.0164587020874023,1603039963.4224243
0.07940410300216172,0.0164587020874023,1603039963.4225802
0.07956067800114397,0.0164587020874023,1603039963.422738
0.07971823599655181,0.0164587020874023,1603039963.4228954
0.07987528599915095,0.0164587020874023,1603039963.4230525
0.08003305299644126,0.0164587020874023,1603039963.42321
0.08018992599681951,0.0164587020874023,1603039963.423367
0.0803713470013463,0.0164587020874023,1603039963.423564
0.08055593199969735,0.0164587020874023,1603039963.4237373
0.08071846600068966,0.0164587020874023,1603039963.4239001
0.08088101699831896,0.0164587020874023,1603039963.4240642
0.08104489900142653,0.01693935394287105,1603039963.424224
0.08120440299535403,0.01693935394287105,1603039963.4243824
0.08134860800055321,0.01693935394287105,1603039963.4245281
0.08150911200209521,0.01693935394287105,1603039963.4246871
0.08166752199758776,0.01693935394287105,1603039963.4248466
0.08182760299678193,0.01693935394287105,1603039963.4250062
0.0819868629987468,0.01693935394287105,1603039963.4251654
0.08214646599662956,0.01693935394287105,1603039963.425326
0.08230611799808685,0.01693935394287105,1603039963.4254866
0.0824668200002634,0.01693935394287105,1603039963.4256456
0.0826261809997959,0.01693935394287105,1603039963.4258087
0.08278980699833483,0.01693935394287105,1603039963.4259677
0.0829476130020339,0.01693935394287105,1603039963.4261248
0.08310533899930306,0.01693935394287105,1603039963.4262826
0.08326368499547243,0.01693935394287105,1603039963.4264407
0.08342239900230197,0.01693935394287105,1603039963.4265995
0.08357957399857696,0.01693935394287105,1603039963.4267607
0.08374115399783477,0.01693935394287105,1603039963.4269185
0.08389897699817084,0.01693935394287105,1603039963.4270759
0.08405591399787227,0.01693935394287105,1603039963.427233
0.08421334000013303,0.01693935394287105,1603039963.4273908
0.08437094099645037,0.0174200057983398,1603039963.4275482
0.08452823999687098,0.0174200057983398,1603039963.4277053
0.08468880399595946,0.0174200057983398,1603039963.427869
0.08485027700226055,0.0174200057983398,1603039963.4280279
0.08500796800217358,0.0174200057983398,1603039963.4281845
0.0851649339965661,0.0174200057983398,1603039963.4283414
0.08538586299982853,0.0174200057983398,1603039963.428612
0.08559904399589868,0.0174200057983398,1603039963.4287794
0.08575933199608698,0.0174200057983398,1603039963.4289434
0.08592392599530285,0.0174200057983398,1603039963.4291017
0.08608213099796558,0.0174200057983398,1603039963.429294
0.08627570899989223,0.0174200057983398,1603039963.429457
0.08643660000234377,0.0174200057983398,1603039963.4296143
0.08659557400096674,0.0174200057983398,1603039963.4297738
0.08675365599629004,0.0174200057983398,1603039963.429931
0.08691109899518779,0.0174200057983398,1603039963.4300907
0.08707081800093874,0.0174200057983398,1603039963.4302523
0.08723230400210014,0.01790065765380855,1603039963.4304094
0.08738982700015185,0.01790065765380855,1603039963.430566
0.08754707299522124,0.01790065765380855,1603039963.4307241
0.0877040470004431,0.01790065765380855,1603039963.4308891
0.08787032999680378,0.0183813095092773,1603039963.4310489
0.08802928299701307,0.0183813095092773,1603039963.4312072
0.0881869299992104,0.0183813095092773,1603039963.4313645
0.08834543100238079,0.0183813095092773,1603039963.4315228
0.08850281799823279,0.0183813095092773,1603039963.43168
0.0886601000020164,0.0183813095092773,1603039963.4318376
0.08881772300082957,0.0183813095092773,1603039963.4319975
0.08897910599625902,0.0183813095092773,1603039963.4321578
0.0891380780012696,0.0183813095092773,1603039963.4323196
0.08929972499754513,0.0183813095092773,1603039963.4325085
0.08949030200164998,0.0183813095092773,1603039963.4326725
0.08965292399807367,0.0183813095092773,1603039963.4328306
0.08981049599969992,0.0183813095092773,1603039963.4329875
0.08996732500236249,0.0183813095092773,1603039963.4331446
0.09012424799584551,0.0183813095092773,1603039963.4333065
0.09028712900180835,0.01886196136474605,1603039963.4334762
0.09045693199732341,0.01886196136474605,1603039963.433636
0.09061581800051499,0.01886196136474605,1603039963.4337945
0.0907757210006821,0.01886196136474605,1603039963.4339535
0.09093319500243524,0.01886196136474605,1603039963.4341106
0.09109078400069848,0.01886196136474605,1603039963.434272
0.09125204799784115,0.01886196136474605,1603039963.434429
0.09140925399697153,0.01886196136474605,1603039963.4345858
0.09156591400096659,0.01886196136474605,1603039963.4347425
0.09172249100083718,0.01886196136474605,1603039963.4348996
0.0918796600017231,0.01886196136474605,1603039963.4350564
0.09203739200165728,0.01886196136474605,1603039963.4352138
0.09219389299687464,0.01886196136474605,1603039963.4353726
0.0923530829968513,0.01886196136474605,1603039963.4355295
0.09250993400200969,0.01886196136474605,1603039963.4356866
0.09266652500082273,0.01886196136474605,1603039963.4358435
0.09282343999802833,0.01886196136474605,1603039963.436
0.09298007300094469,0.01886196136474605,1603039963.4361567
0.09313705899694469,0.01886196136474605,1603039963.4363194
0.0932991800000309,0.0193426132202148,1603039963.4364913
0.09347212799912086,0.0193426132202148,1603039963.436674
0.09365618899755646,0.0193426132202148,1603039963.4368372
0.09381760800170014,0.0193426132202148,1603039963.436999
0.09397975100000622,0.0193426132202148,1603039963.437158
0.0941383949975716,0.0193426132202148,1603039963.4373198
0.09429932999773882,0.0193426132202148,1603039963.4374764
0.09445621800114168,0.0193426132202148,1603039963.4376366
0.09461758699762868,0.0193426132202148,1603039963.437796
0.09477631399931852,0.0193426132202148,1603039963.4379537
0.09493409800052177,0.0193426132202148,1603039963.438111
0.09509106400219025,0.0193426132202148,1603039963.438272
0.0952519049969851,0.0193426132202148,1603039963.4384382
0.09541869999520713,0.0193426132202148,1603039963.4385972
0.09557840799971018,0.0193426132202148,1603039963.4387555
0.09573576999537181,0.0193426132202148,1603039963.4389133
0.09589312499883818,0.0193426132202148,1603039963.4390705
0.09605096199811669,0.01982326507568355,1603039963.439228
0.09620865299802972,0.01982326507568355,1603039963.4393857
0.09636596199561609,0.01982326507568355,1603039963.4395432
0.09652330199605785,0.01982326507568355,1603039963.4396996
0.09667967000132194,0.01982326507568355,1603039963.4398563
0.09683729000244057,0.01982326507568355,1603039963.440014
0.09699377699871548,0.01982326507568355,1603039963.4401703
0.09715126099763438,0.01982326507568355,1603039963.440332
0.09731271999771707,0.01982326507568355,1603039963.4405046
0.09748545799811836,0.01982326507568355,1603039963.4406633
0.09764359700056957,0.01982326507568355,1603039963.4408202
0.09780071699788095,0.01982326507568355,1603039963.4409778
0.09795820400177035,0.01982326507568355,1603039963.441139
0.09811914600140881,0.01982326507568355,1603039963.4413025
0.09828245000244351,0.01982326507568355,1603039963.4414618
0.09844173699821113,0.01982326507568355,1603039963.4416196
0.09859969299577642,0.01982326507568355,1603039963.441778
0.09875791500235209,0.01982326507568355,1603039963.4419346
0.09891440299543319,0.01982326507568355,1603039963.442092
0.09907193399703829,0.01982326507568355,1603039963.4422534
0.09923417800018797,0.01982326507568355,1603039963.4424112
0.09939120800117962,0.0203039169311523,1603039963.4425673
0.09954755500075407,0.0203039169311523,1603039963.4427238
0.09970359299768461,0.0203039169311523,1603039963.4428802
0.09986023099918384,0.0203039169311523,1603039963.4430385
0.10001855799782788,0.0203039169311523,1603039963.4431953
0.11018784499901813,0.02174587249755855,1603039963.4534674
0.12047326299943961,0.0231878280639648,1603039963.463737
0.13074454399611568,0.0251104354858398,1603039963.4740198
0.14102752699545817,0.02655239105224605,1603039963.4843016
0.15132884599734098,0.0279943466186523,1603039963.4945912
0.16160148900235072,0.0299169540405273,1603039963.504881
0.17188534299930325,0.03135890960693355,1603039963.5151618
0.18219628500082763,0.03328151702880855,1603039963.525471
0.1924743089984986,0.0347234725952148,1603039963.5357516
0.2027916059960262,0.03616542816162105,1603039963.546064
0.21307188699574908,0.03808803558349605,1603039963.5563607
0.22336788199754665,0.0395299911499023,1603039963.566657
0.23365360599564156,0.04097194671630855,1603039963.57691
0.24391390800155932,0.0424139022827148,1603039963.5871718
0.2541723149988684,0.04385585784912105,1603039963.5974426
0.2644461899981252,0.04577846527099605,1603039963.6077428
0.27474560200062115,0.0472204208374023,1603039963.6179996
0.2850059260017588,0.04866237640380855,1603039963.6282732
0.2952731909972499,0.0501043319702148,1603039963.6385326
0.305527432996314,0.05154628753662105,1603039963.648794
0.31579134600178804,0.0529882431030273,1603039963.6590464
0.3260448489963892,0.0549108505249023,1603039963.6693082
0.3363097959954757,0.05635280609130855,1603039963.6795642
0.3465658630011603,0.0577947616577148,1603039963.6898236
0.3568250949974754,0.05923671722412105,1603039963.7000766
0.36707435899734264,0.0606786727905273,1603039963.7103252
0.37735747799888486,0.06212062835693355,1603039963.7206254
0.38762517199938884,0.0635625839233398,1603039963.7308726
0.3978715449993615,0.06500453948974605,1603039963.74112
0.4081191770019359,0.06692714691162105,1603039963.751365
0.4183600940014003,0.0683691024780273,1603039963.7616136
0.42861776700010523,0.06981105804443355,1603039963.7718625
0.4388608090011985,0.0712530136108398,1603039963.7821093
0.4491115029959474,0.07269496917724605,1603039963.7923589
0.4593609369985643,0.07461757659912105,1603039963.8026059
0.4696010589977959,0.0760595321655273,1603039963.8128445
0.4798466579959495,0.07750148773193355,1603039963.823092
0.49008530200080713,0.0789434432983398,1603039963.8333387
0.5003476150013739,0.08038539886474605,1603039963.8436453
0.5106426819984335,0.0818273544311523,1603039963.85389
0.5208921840021503,0.08326930999755855,1603039963.8641446
0.5311447150015738,0.0847112655639648,1603039963.8743963
0.541375845001312,0.08615322113037105,1603039963.884622
0.551620341000671,0.08807582855224605,1603039963.8948689
0.5618631499964977,0.0895177841186523,1603039963.9051106
0.5721155909996014,0.09095973968505855,1603039963.9153662
0.5823621849995106,0.0924016952514648,1603039963.9256196
0.5926211400001193,0.09384365081787105,1603039963.9358757
0.6028729699974065,0.0952856063842773,1603039963.9461277
0.6131351049989462,0.09672756195068355,1603039963.9564009
0.6234064179952838,0.0981695175170898,1603039963.966696
0.6336950149998302,0.09961147308349605,1603039963.976965
0.6440253870023298,0.10153408050537105,1603039963.9872828
0.6542831600017962,0.1029760360717773,1603039963.9975398
0.664541680002003,0.10441799163818355,1603039964.0078218
0.6748275869977078,0.1058599472045898,1603039964.0180898
0.6851125460016192,0.10730190277099605,1603039964.0283666
0.6953698239958612,0.1087438583374023,1603039964.0386395
0.7056434510013787,0.11018581390380855,1603039964.048912
0.715919843998563,0.1116277694702148,1603039964.0592058
0.7262216099989018,0.11306972503662105,1603039964.0695145
0.7365403709991369,0.11403102874755855,1603039964.0798237
0.7468315349979093,0.1154729843139648,1603039964.090127
0.7571490409973194,0.11691493988037105,1603039964.100453
0.7674566220011911,0.1183568954467773,1603039964.1107678
0.7777730590023566,0.11979885101318355,1603039964.121033
0.7880344160003006,0.1212408065795898,1603039964.1312926
0.7982913859959808,0.12268276214599605,1603039964.1415384
0.8085445510005229,0.1241247177124023,1603039964.1518154
0.818815533995803,0.12556667327880855,1603039964.1620603
0.8290656859971932,0.12748928070068355,1603039964.1723123
0.8393263760008267,0.1289312362670898,1603039964.1825714
0.8495780270022806,0.13037319183349605,1603039964.1928356
0.8598374739958672,0.1318151473999023,1603039964.203103
0.8701069710004958,0.13325710296630855,1603039964.2133758
0.8803873270007898,0.1346990585327148,1603039964.2236884
0.8906907199998386,0.13614101409912105,1603039964.2339525
0.9009815489989705,0.1375829696655273,1603039964.2442424
0.9112442010009545,0.13902492523193355,1603039964.254502
0.9214999989999342,0.1404668807983398,1603039964.2647624
0.9317743399951723,0.1414281845092773,1603039964.275051
0.9420928600011393,0.14287014007568355,1603039964.2853768
0.9523814729982405,0.1443120956420898,1603039964.295683
0.962686926999595,0.14575405120849605,1603039964.3059735
0.9730108770017978,0.1471960067749023,1603039964.3162763
0.9832794239991927,0.14863796234130855,1603039964.326541
0.993541379000817,0.1500799179077148,1603039964.3368042
1.0038129320018925,0.15152187347412105,1603039964.3470957
1.104190223995829,0.16594142913818355,1603039964.4475355
1.2046825049983454,0.1798803329467773,1603039964.5480216
1.3051280500003486,0.1942998886108398,1603039964.6485114
1.4056241099970066,0.20823879241943355,1603039964.7489593
1.5060742099958588,0.22265834808349605,1603039964.8494174
1.6065327960022842,0.23707790374755855,1603039964.949867
1.706971022002108,0.2510168075561523,1603039965.0502992
1.8074080680016777,0.26495571136474605,1603039965.1507556
1.9078931879994343,0.2788946151733398,1603039965.2512326
2.0083396949994494,0.2923528671264648,1603039965.351704
2.108807552001963,0.30629177093505855,1603039965.4521472
2.2092481329964357,0.32071132659912105,1603039965.552651
2.3097609429969452,0.3346502304077148,1603039965.6531043
2.4102124170021852,0.3490697860717773,1603039965.7535605
2.510665654001059,0.36300868988037105,1603039965.8540068
2.6111141750006936,0.37742824554443355,1603039965.9544501
2.711577533002128,0.39088649749755855,1603039966.0549138
2.8120167550005135,0.4048254013061523,1603039966.1553562
2.9124673859987524,0.4182836532592773,1603039966.2558312
3.0129366100009065,0.43222255706787105,1603039966.3562706
3.113373308995506,0.4461614608764648,1603039966.4567432
3.2138466100004734,0.4596197128295898,1603039966.557191
3.314292242001102,0.47355861663818355,1603039966.6576438
3.4147498949969304,0.4865362167358398,1603039966.7580824
3.51518895800109,0.4999944686889648,1603039966.8585303
3.615661473995715,0.5134527206420898,1603039966.9590075
3.716104617000383,0.5269109725952148,1603039967.0594428
3.8165438729993184,0.5403692245483398,1603039967.1598852
3.9169922239962034,0.5538274765014648,1603039967.2603226
4.017424701996788,0.566805076599121,1603039967.3607886
4.117890699999407,0.580263328552246,1603039967.4612317
4.218328604998533,0.5942022323608398,1603039967.5616903
4.318802724999841,0.6076604843139648,1603039967.66214
4.419257041001401,0.6211187362670898,1603039967.7626054
4.519720682998013,0.6345769882202148,1603039967.863061
4.620174012998177,0.6485158920288085,1603039967.9635167
4.720653546995891,0.6619741439819335,1603039968.0639982
4.821108028998424,0.6739904403686523,1603039968.1644723
4.921579821995692,0.686006736755371,1603039968.2649436
5.022050246996514,0.6980230331420898,1603039968.3653982
5.122538775001885,0.7114812850952148,1603039968.4658837
5.222972746996675,0.724458885192871,1603039968.5663128
5.323426892995485,0.7739660263061523,1603039968.6668043
5.423907199998212,0.8004018783569335,1603039968.767259
5.524359246999666,0.8004018783569335,1603039968.867742
5.624845035999897,0.8028051376342773,1603039968.9681816
5.725275217999297,0.814821434020996,1603039969.068637
5.825739246996818,0.826357078552246,1603039969.1690814
5.92619400699914,0.837892723083496,1603039969.2695358
6.026656340996851,0.8499090194702148,1603039969.369987
6.127085394997266,0.8624059677124023,1603039969.4704251
6.227546394002275,0.8753835678100585,1603039969.570899
6.327995847997954,0.887880516052246,1603039969.6713333
6.428429519000929,0.8998968124389648,1603039969.7717957
6.528896710995468,0.912874412536621,1603039969.8722441
6.629365114000393,0.9253713607788085,1603039969.972717
6.7298186699990765,0.937868309020996,1603039970.073153
6.830255923996447,0.9498846054077148,1603039970.1736054
6.930760916999134,0.9619009017944335,1603039970.2741215
7.031208802996844,0.9739171981811523,1603039970.3745506
7.131670299000689,0.9873754501342773,1603039970.4750051
7.2321111139972345,1.001314353942871,1603039970.5754466
7.332547503996466,1.0152532577514648,1603039970.6759136
7.4329871559966705,1.0291921615600585,1603039970.7763171
7.533447155998147,1.0426504135131835,1603039970.8768146
7.633920453001338,1.0561086654663085,1603039970.9772632
7.734360461996403,1.069288444519043,1603039971.077741
7.834846281999489,1.082746696472168,1603039971.1781783
7.935274023999227,1.096204948425293,1603039971.2786257
8.035718391998671,1.109663200378418,1603039971.3790615
8.13615640399803,1.1226408004760742,1603039971.4794774
8.236578513002314,1.1356184005737304,1603039971.5799184
8.33701406000182,1.1485960006713867,1603039971.6803792
8.437473223995767,1.161573600769043,1603039971.780827
8.53793746199517,1.1740705490112304,1603039971.88128
8.63837290200172,1.1860868453979492,1603039971.981736
8.738843498998904,1.1985837936401367,1603039972.082183
8.839287768001668,1.2120420455932617,1603039972.1826365
8.939741262998723,1.2247793197631835,1603039972.283075
9.040175447000365,1.2382375717163085,1603039972.3835104
9.140633527997124,1.2512151718139648,1603039972.4839647
9.241059448999295,1.2632314682006835,1603039972.584401
9.341518224995525,1.275728416442871,1603039972.684854
9.441982213000301,1.2882253646850585,1603039972.7853277
9.542433520000486,1.3012029647827148,1603039972.8857737
9.642875732999528,1.314180564880371,1603039972.9862175
9.743317772001319,1.3281194686889648,1603039973.0866597
9.843755542999133,1.3415777206420898,1603039973.1870959
9.94419470000139,1.3535940170288085,1603039973.2875345
10.044632211000135,1.366090965270996,1603039973.3879793
11.046038020002015,1.4900991439819335,1603039974.3893821
12.047416344001249,1.619154167175293,1603039975.3907762
13.048841448995518,1.7446043014526367,1603039976.3921978
14.05026397099573,1.8746206283569335,1603039977.393621
15.051700288997381,2.004156303405762,1603039978.395044
16.053095187999133,2.1341726303100588,1603039979.396471
17.054562598001212,2.2629873275756838,1603039980.3979158
18.05594794799981,2.392755699157715,1603039981.3992875
19.057355482000276,2.5143606185913088,1603039982.4007032
20.05874600199604,2.641973686218262,1603039983.402084
21.060124907999125,2.77150936126709,1603039984.4035208
22.06161070399685,2.9036886215209963,1603039985.4049633
23.06303381199541,3.0327436447143556,1603039986.4063723
24.064419846996316,3.1531240463256838,1603039987.4077811
25.065855408996867,3.2804967880249025,1603039988.4092023
26.067273253996973,3.407629203796387,1603039989.4106305
27.068721737996384,3.535963249206543,1603039990.4120653
28.07011811099801,3.6638166427612306,1603039991.413459
29.071547184998053,3.78902645111084,1603039992.4149144
30.072988738997083,3.9144765853881838,1603039993.4163325
31.074405710001884,4.03896541595459,1603039994.4177468
32.07579503799934,4.166338157653809,1603039995.4191363
33.077220820996445,4.288423728942871,1603039996.4205973
34.078668150999874,4.413152885437012,1603039997.4220045
35.08007467199786,4.533315849304199,1603039998.4234219
36.08146682500228,4.658765983581543,1603039999.424836
37.082867758996144,4.779649925231934,1603040000.426204
38.08427444099652,4.898851585388184,1603040001.427616
39.08569436000107,5.020216178894043,1603040002.4290307
40.08707185599633,5.133650016784668,1603040003.4304113
41.08856230999663,5.212236595153809,1603040004.4320507
42.09014514800219,5.287458610534668,1603040005.433488
43.091579225001624,5.3992101669311525,1603040006.4349344
44.09297932499612,5.504713249206543,1603040007.4363322
45.09441929899913,5.513605308532715,1603040008.437789
0,0,0
