0,0.16926288604736328
0.00024788900918792933,0.16974353790283203
0.00039164999907370657,0.16974353790283203
0.0004887469985987991,0.16974353790283203
0.0005791260045953095,0.16974353790283203
0.0006665120017714798,0.16974353790283203
0.0007589879969600588,0.16974353790283203
0.0008481149998260662,0.16974353790283203
0.0009342800040030852,0.16974353790283203
0.0010201200057053939,0.16974353790283203
0.001104954004404135,0.16974353790283203
0.001191657007439062,0.16974353790283203
0.0012843919976148754,0.16974353790283203
0.0013676950038643554,0.17022418975830078
0.001450872005079873,0.17022418975830078
0.0015343050035880879,0.17022418975830078
0.0016175470082089305,0.17022418975830078
0.0017003929970087484,0.17022418975830078
0.0017834800091804937,0.17022418975830078
0.0018664200033526868,0.17022418975830078
0.0019489900005282834,0.17022418975830078
0.00203211500775069,0.17022418975830078
0.0021162400080356747,0.17022418975830078
0.0022058120084693655,0.17022418975830078
0.002291085009346716,0.17022418975830078
0.002414710004813969,0.17046451568603516
0.0025064350047614425,0.17046451568603516
0.00259122000716161,0.17046451568603516
0.002675224997801706,0.17046451568603516
0.002759330003755167,0.17046451568603516
0.0028430289967218414,0.17046451568603516
0.0029262470052344725,0.17046451568603516
0.00301000100444071,0.17046451568603516
0.0030954469984862953,0.17046451568603516
0.003179703009664081,0.17046451568603516
0.0032702600001357496,0.17046451568603516
0.003355697001097724,0.17046451568603516
0.003444603004027158,0.17046451568603516
0.0035302809992572293,0.17046451568603516
0.0036161250027362257,0.17046451568603516
0.003700767003465444,0.17046451568603516
0.0037867600040044636,0.17046451568603516
0.0038718489959137514,0.17046451568603516
0.003956512999138795,0.17046451568603516
0.004041784995933995,0.17046451568603516
0.004126628002268262,0.17046451568603516
0.004217430003336631,0.17046451568603516
0.004305964001105167,0.17046451568603516
0.00439406800433062,0.17046451568603516
0.00447954899573233,0.17046451568603516
0.0045727370015811175,0.17046451568603516
0.0046626149996882305,0.17046451568603516
0.004749913001433015,0.17046451568603516
0.004835277999518439,0.17046451568603516
0.004919448008877225,0.17046451568603516
0.005003751997719519,0.17046451568603516
0.005088496007374488,0.17046451568603516
0.005172620003577322,0.17046451568603516
0.005261070997221395,0.17046451568603516
0.005345976009266451,0.17046451568603516
0.005430724995676428,0.17046451568603516
0.005515231998288073,0.17046451568603516
0.005599452008027583,0.17046451568603516
0.005683527997462079,0.17046451568603516
0.005769131006672978,0.17046451568603516
0.0058550800022203475,0.17046451568603516
0.005940018003457226,0.17046451568603516
0.006023925001500174,0.17046451568603516
0.006109016001573764,0.17046451568603516
0.006198632996529341,0.17046451568603516
0.00628540400066413,0.17046451568603516
0.006395040996721946,0.17046451568603516
0.006485956007963978,0.17046451568603516
0.006580996006960049,0.17046451568603516
0.006682437000563368,0.17046451568603516
0.006768833001842722,0.17046451568603516
0.006853793005575426,0.17046451568603516
0.006937256999663077,0.17046451568603516
0.007021555007668212,0.17046451568603516
0.0071054720028769225,0.17046451568603516
0.0071891530096763745,0.17046451568603516
0.007281447004061192,0.17046451568603516
0.0073656089953146875,0.17046451568603516
0.007450382996466942,0.17046451568603516
0.007535074008046649,0.17046451568603516
0.007620905002113432,0.17046451568603516
0.007705472002271563,0.17046451568603516
0.007789048002450727,0.1709451675415039
0.007873241003835574,0.1709451675415039
0.00795695099805016,0.1709451675415039
0.008041109002078883,0.1709451675415039
0.008125866006594151,0.1709451675415039
0.008215276000555605,0.1709451675415039
0.00830036000115797,0.1709451675415039
0.008385292996536009,0.1709451675415039
0.008469610998872668,0.1709451675415039
0.008557841007132083,0.1709451675415039
0.008643522000056691,0.1709451675415039
0.00872822300880216,0.1709451675415039
0.008825949000311084,0.1709451675415039
0.008910921009373851,0.1709451675415039
0.008995570009574294,0.1709451675415039
0.009080532006919384,0.1709451675415039
0.00916510500246659,0.1709451675415039
0.009254268996301107,0.1709451675415039
0.009339355005067773,0.1709451675415039
0.009424308998859487,0.1709451675415039
0.00950996100436896,0.1709451675415039
0.00960543000837788,0.1709451675415039
0.009694299995317124,0.1709451675415039
0.009781454995390959,0.1709451675415039
0.00986736299819313,0.1709451675415039
0.009953013999620453,0.1709451675415039
0.010037708998424932,0.1709451675415039
0.010245140001643449,0.1709451675415039
0.010557285000686534,0.1709451675415039
0.010761680998257361,0.1709451675415039
0.010944795998511836,0.1709451675415039
0.011114356995676644,0.1709451675415039
0.01127905999601353,0.1709451675415039
0.011444914998719469,0.1709451675415039
0.011606195999775082,0.1709451675415039
0.011767438001697883,0.1709451675415039
0.01192999399791006,0.1709451675415039
0.01209029600431677,0.1709451675415039
0.012249778999830596,0.1709451675415039
0.012410591007210314,0.1709451675415039
0.012570303995744325,0.1709451675415039
0.01273515600769315,0.1709451675415039
0.01290778700786177,0.1709451675415039
0.013069970009382814,0.1709451675415039
0.013230112002929673,0.1709451675415039
0.013388296007178724,0.17142581939697266
0.013546957998187281,0.17142581939697266
0.013710783998249099,0.17142581939697266
0.013887663997593336,0.17142581939697266
0.014065481998841278,0.17142581939697266
0.014246425998862833,0.17142581939697266
0.014377248007804155,0.17142581939697266
0.014540414995281026,0.17142581939697266
0.014712914009578526,0.17142581939697266
0.01487717499549035,0.17142581939697266
0.015055620999191888,0.17142581939697266
0.015220022003632039,0.17142581939697266
0.015380830998765305,0.17142581939697266
0.015544766007224098,0.17142581939697266
0.015704534001997672,0.17142581939697266
0.01586336799664423,0.17142581939697266
0.016022153009544127,0.17142581939697266
0.016183412008103915,0.17142581939697266
0.016356431995518506,0.17142581939697266
0.016517151001608,0.17142581939697266
0.016687477007508278,0.17142581939697266
0.016848729996127076,0.17142581939697266
0.01708377100294456,0.17142581939697266
0.017371932000969537,0.1719064712524414
0.017557555009261705,0.1719064712524414
0.017731564003042877,0.1719064712524414
0.017904580003232695,0.1719064712524414
0.018085884003085084,0.1719064712524414
0.018266076003783382,0.1719064712524414
0.018457484999089502,0.1719064712524414
0.01863370199862402,0.1719064712524414
0.018804385006660596,0.1719064712524414
0.018972110003232956,0.17238712310791016
0.01917313999729231,0.17238712310791016
0.019346817003679462,0.17238712310791016
0.019516145999659784,0.17238712310791016
0.019685945007950068,0.17238712310791016
0.019865812006173655,0.17238712310791016
0.020033624008647166,0.17238712310791016
0.020200918006594293,0.17238712310791016
0.02036817000771407,0.17238712310791016
0.020535126997856423,0.17238712310791016
0.020704545007902198,0.17238712310791016
0.020872580003924668,0.17238712310791016
0.0210423350072233,0.17238712310791016
0.021225058007985353,0.17238712310791016
0.021395126008428633,0.17238712310791016
0.021563811009400524,0.17238712310791016
0.0217309879953973,0.17238712310791016
0.02189838100457564,0.17238712310791016
0.022068031001253985,0.17238712310791016
0.022242452003411017,0.17238712310791016
0.022662055998807773,0.1728677749633789
0.022853322996525094,0.1728677749633789
0.023021165005047806,0.1728677749633789
0.023195148998638615,0.1728677749633789
0.023363432002952322,0.1728677749633789
0.02352925699960906,0.1728677749633789
0.023695373005466536,0.1728677749633789
0.023861674999352545,0.1728677749633789
0.024028330997680314,0.1728677749633789
0.024196095997467637,0.1728677749633789
0.024364723009057343,0.1728677749633789
0.02453187400533352,0.17334842681884766
0.024710718003916554,0.17334842681884766
0.024979519002954476,0.17334842681884766
0.025337714003399014,0.17334842681884766
0.025586807998479344,0.17334842681884766
0.025765284008230083,0.17334842681884766
0.02593116500065662,0.17334842681884766
0.02609474399650935,0.17334842681884766
0.026385699995444156,0.17334842681884766
0.026604168000631034,0.17334842681884766
0.02678574300080072,0.17334842681884766
0.027032084995880723,0.17334842681884766
0.027387401001760736,0.17334842681884766
0.027640023006824777,0.17334842681884766
0.027819285009172745,0.17334842681884766
0.028079910000087693,0.17334842681884766
0.028327652005827986,0.17334842681884766
0.02850889999535866,0.17334842681884766
0.028674158005742356,0.17334842681884766
0.02883741400728468,0.17334842681884766
0.029003155999816954,0.17334842681884766
0.029163890008931048,0.17334842681884766
0.029323802009457722,0.17334842681884766
0.02948399999877438,0.17334842681884766
0.029653763005626388,0.17334842681884766
0.029818978000548668,0.17334842681884766
0.029982317006215453,0.17334842681884766
0.030155397005728446,0.17334842681884766
0.03032045200234279,0.17334842681884766
0.030557249003322795,0.1738290786743164
0.030813004006631672,0.1738290786743164
0.030992080006399192,0.1738290786743164
0.031178290999378078,0.1738290786743164
0.031438300997251645,0.1738290786743164
0.031729718000860885,0.1738290786743164
0.03192585500073619,0.1738290786743164
0.03210145400953479,0.1738290786743164
0.03226597100729123,0.1738290786743164
0.03242697300447617,0.1738290786743164
0.032588001995463856,0.1738290786743164
0.03277909100870602,0.1738290786743164
0.03294721900601871,0.1738290786743164
0.033118450999609195,0.1738290786743164
0.03327967099903617,0.1738290786743164
0.03344290099630598,0.1738290786743164
0.03362407800159417,0.1738290786743164
0.033800311997765675,0.1738290786743164
0.03396452599554323,0.1738290786743164
0.03412547300104052,0.1738290786743164
0.034359994999249466,0.1738290786743164
0.034697918003075756,0.1738290786743164
0.03498316300101578,0.1738290786743164
0.035204807005357,0.1738290786743164
0.03545590600697324,0.17430973052978516
0.0356328210036736,0.17430973052978516
0.03581549700174946,0.17430973052978516
0.03598608399624936,0.17430973052978516
0.03614936099620536,0.17430973052978516
0.03631033800775185,0.17430973052978516
0.03647596499649808,0.17430973052978516
0.03663892600161489,0.17430973052978516
0.03680468600941822,0.17430973052978516
0.03696998099621851,0.17430973052978516
0.03713384999718983,0.17430973052978516
0.03730143500433769,0.17430973052978516
0.03746849000162911,0.17430973052978516
0.0376311450090725,0.1747903823852539
0.037809346002177335,0.1747903823852539
0.03797778900479898,0.1747903823852539
0.03814500600856263,0.1747903823852539
0.038345658002072014,0.1747903823852539
0.0385563820018433,0.1747903823852539
0.038723689009202644,0.1747903823852539
0.03889844300283585,0.1747903823852539
0.039063985997927375,0.1747903823852539
0.03924142899631988,0.1747903823852539
0.03942747099790722,0.1747903823852539
0.03964774000633042,0.1747903823852539
0.03993232200446073,0.1747903823852539
0.04012164800951723,0.1747903823852539
0.040323588997125626,0.1747903823852539
0.04049461000249721,0.1747903823852539
0.04066032300761435,0.1747903823852539
0.04083010500471573,0.1747903823852539
0.04099314099585172,0.1747903823852539
0.04119308300141711,0.1747903823852539
0.04137895900930744,0.1747903823852539
0.041542513004969805,0.1747903823852539
0.041704511997522786,0.1747903823852539
0.041864108003210276,0.1747903823852539
0.04203952300304081,0.1747903823852539
0.04220356199948583,0.1747903823852539
0.042453625006601214,0.1747903823852539
0.042715478004538454,0.1747903823852539
0.04290554100589361,0.1747903823852539
0.04313043999718502,0.1747903823852539
0.04341609800758306,0.1747903823852539
0.04359575599664822,0.1747903823852539
0.04376312599924859,0.1747903823852539
0.04398858100466896,0.1747903823852539
0.044249844999285415,0.1747903823852539
0.0444306840072386,0.17527103424072266
0.04468006700335536,0.17527103424072266
0.04492390299856197,0.17527103424072266
0.04510389700590167,0.17527103424072266
0.045295001997146755,0.17527103424072266
0.045500963999074884,0.17527103424072266
0.045783367997501045,0.17527103424072266
0.046037851003347896,0.17527103424072266
0.04621861000487115,0.17527103424072266
0.04650076299731154,0.17527103424072266
0.046743343002162874,0.17527103424072266
0.04698033600288909,0.17527103424072266
0.04716100200312212,0.17527103424072266
0.047326316009275615,0.17527103424072266
0.047489907999988645,0.17527103424072266
0.04765166300057899,0.17527103424072266
0.0478472859977046,0.17527103424072266
0.04808828000386711,0.17527103424072266
0.04833288800728042,0.17527103424072266
0.048580856004264206,0.17527103424072266
0.04876191899529658,0.17527103424072266
0.04892842599656433,0.17527103424072266
0.04909078100172337,0.17527103424072266
0.049251261007157154,0.17527103424072266
0.04941455100197345,0.17527103424072266
0.04963865500758402,0.17527103424072266
0.04988574500021059,0.17527103424072266
0.05006358999526128,0.17527103424072266
0.050248262006789446,0.17527103424072266
0.050378854997688904,0.17527103424072266
0.05054244300117716,0.17527103424072266
0.05075426799885463,0.17527103424072266
0.05101621300855186,0.1757516860961914
0.051200975009123795,0.1757516860961914
0.05137657900922932,0.1757516860961914
0.051544832007493824,0.1757516860961914
0.05181377900589723,0.1757516860961914
0.05208390000916552,0.1757516860961914
0.052271742999437265,0.1757516860961914
0.05243911100842524,0.1757516860961914
0.05260100300074555,0.1757516860961914
0.05276962999778334,0.1757516860961914
0.05293054800131358,0.1757516860961914
0.05308899100054987,0.1757516860961914
0.05331857300188858,0.1757516860961914
0.053576179008814506,0.1757516860961914
0.05377079200115986,0.1757516860961914
0.0539427220064681,0.17623233795166016
0.054106203009723686,0.17623233795166016
0.05429125300724991,0.17623233795166016
0.05450932600069791,0.17623233795166016
0.054683057009242475,0.17623233795166016
0.054860567004652694,0.17623233795166016
0.05503843100450467,0.17623233795166016
0.05520347300625872,0.17623233795166016
0.05550239399599377,0.17623233795166016
0.055711460998281837,0.17623233795166016
0.055883352004457265,0.17623233795166016
0.05609389599703718,0.17623233795166016
0.05633618700085208,0.17623233795166016
0.056513597999583,0.17623233795166016
0.056679304005228914,0.17623233795166016
0.05684676799864974,0.17623233795166016
0.0570082199992612,0.17623233795166016
0.057168227998772636,0.17623233795166016
0.05733469199913088,0.17623233795166016
0.05749653100792784,0.17623233795166016
0.05765856400830671,0.17623233795166016
0.05783957400126383,0.17623233795166016
0.05800193799950648,0.17623233795166016
0.058164942005532794,0.17623233795166016
0.05839620700862724,0.1767129898071289
0.058639253009459935,0.1767129898071289
0.058816000004298985,0.1767129898071289
0.05898317400715314,0.1767129898071289
0.05914553800539579,0.1767129898071289
0.05931301500822883,0.1767129898071289
0.05947308600298129,0.1767129898071289
0.05970707100641448,0.1767129898071289
0.05988861400692258,0.1767129898071289
0.06011910000233911,0.1767129898071289
0.060432779995608144,0.1767129898071289
0.06068758000037633,0.1767129898071289
0.06090606399811804,0.1767129898071289
0.061144774008425884,0.1767129898071289
0.06131826600176282,0.1767129898071289
0.061489216997870244,0.1767129898071289
0.0616704900021432,0.1767129898071289
0.06185191500117071,0.1767129898071289
0.0620132900075987,0.1767129898071289
0.062173705009627156,0.1767129898071289
0.062410544996964745,0.1767129898071289
0.06264963099965826,0.1767129898071289
0.06296366700553335,0.1767129898071289
0.0632956949993968,0.1767129898071289
0.06353681600012351,0.1767129898071289
0.06371569300245028,0.1767129898071289
0.06388300099933986,0.1767129898071289
0.06404957199993078,0.1767129898071289
0.06421113300893921,0.1767129898071289
0.06437777599785477,0.1767129898071289
0.06453792299726047,0.1767129898071289
0.06471413900726475,0.1767129898071289
0.06487824300711509,0.1767129898071289
0.06511683900316712,0.17719364166259766
0.06536557500658091,0.17719364166259766
0.06554713100194931,0.17719364166259766
0.06571456500387285,0.17719364166259766
0.0658763999963412,0.17719364166259766
0.06608985499769915,0.17719364166259766
0.06635213900881354,0.17719364166259766
0.0665451109962305,0.17719364166259766
0.06675452100171242,0.17719364166259766
0.0670143160095904,0.17719364166259766
0.06726126100693364,0.17719364166259766
0.06751890100713354,0.17719364166259766
0.06770367400895339,0.17719364166259766
0.06790238499525003,0.17719364166259766
0.06808759200794157,0.17719364166259766
0.06826603700756095,0.17719364166259766
0.0684307930059731,0.17719364166259766
0.06859200399776455,0.17719364166259766
0.06875172999571078,0.17719364166259766
0.0689124670025194,0.17719364166259766
0.06907750600657891,0.17719364166259766
0.06927537100273184,0.17719364166259766
0.06950196500110906,0.17719364166259766
0.06969203399785329,0.17719364166259766
0.0698618250025902,0.17719364166259766
0.07002666700282134,0.17719364166259766
0.07018744800006971,0.17719364166259766
0.07034801700501703,0.1776742935180664
0.07054970700119156,0.1776742935180664
0.0707121460000053,0.1776742935180664
0.07087720700656064,0.1776742935180664
0.07103914600156713,0.1776742935180664
0.07129171899578068,0.1776742935180664
0.07154364499729127,0.1776742935180664
0.07172053199610673,0.1776742935180664
0.0718928090063855,0.1776742935180664
0.0720555699954275,0.1776742935180664
0.07222655600344297,0.1776742935180664
0.07238796399906278,0.17815494537353516
0.07254835299681872,0.17815494537353516
0.07270784900174476,0.17815494537353516
0.07290810500853695,0.17815494537353516
0.07307671800663229,0.17815494537353516
0.07323864499630872,0.17815494537353516
0.07339684800535906,0.17815494537353516
0.07355844700941816,0.17815494537353516
0.07372376200510189,0.17815494537353516
0.07388914900366217,0.17815494537353516
0.07406458399782423,0.17815494537353516
0.07422679199953564,0.17815494537353516
0.07443836600577924,0.17815494537353516
0.07487923000007868,0.17815494537353516
0.07513488100084942,0.17815494537353516
0.07533680400229059,0.17815494537353516
0.07550607500888873,0.17815494537353516
0.07567082400782965,0.17815494537353516
0.075834739007405,0.17815494537353516
0.07599538200884126,0.17815494537353516
0.07615542100393213,0.17815494537353516
0.076321098007611,0.17815494537353516
0.07649879000382498,0.17815494537353516
0.07677916700777132,0.17815494537353516
0.07697573999757878,0.17815494537353516
0.07714183500502259,0.17815494537353516
0.07743397699960042,0.17815494537353516
0.07769606600049883,0.17815494537353516
0.07796328100084793,0.17815494537353516
0.07819926900265273,0.17815494537353516
0.07854585300083272,0.17815494537353516
0.07877080200705677,0.17815494537353516
0.07894395000766963,0.17815494537353516
0.07916546500928234,0.17815494537353516
0.07941051600209903,0.17815494537353516
0.07961218499985989,0.17815494537353516
0.07979755700216629,0.17815494537353516
0.0799706310062902,0.17815494537353516
0.08014686100068502,0.17815494537353516
0.08030983900243882,0.17815494537353516
0.08047581299615558,0.17815494537353516
0.08063790600863285,0.17815494537353516
0.08081250199757051,0.17815494537353516
0.08098217799852137,0.17815494537353516
0.08114930300507694,0.17815494537353516
0.08135539000795688,0.17815494537353516
0.08160366299853195,0.17815494537353516
0.08178118200157769,0.1786355972290039
0.08197286300128326,0.1786355972290039
0.08216213500418235,0.1786355972290039
0.0823283000063384,0.1786355972290039
0.08250748900172766,0.1786355972290039
0.08266865700716153,0.1786355972290039
0.08282888699613977,0.1786355972290039
0.08298921700043138,0.1786355972290039
0.08314864699786995,0.1786355972290039
0.08330823099822737,0.1786355972290039
0.08346870500827208,0.1786355972290039
0.08363749200361781,0.1786355972290039
0.08380051600397564,0.1786355972290039
0.08396329000242986,0.1786355972290039
0.08413124599610455,0.1786355972290039
0.08435602700046729,0.1786355972290039
0.08458448000601493,0.1786355972290039
0.08475422700576019,0.1786355972290039
0.08493822699529119,0.1786355972290039
0.08509904799575452,0.1786355972290039
0.08525841099617537,0.1786355972290039
0.0854209850076586,0.1786355972290039
0.08558136799547356,0.1786355972290039
0.08574035100173205,0.1786355972290039
0.08590389600431081,0.1786355972290039
0.08606353600043803,0.1786355972290039
0.08622424400527962,0.1786355972290039
0.08637846900091972,0.1786355972290039
0.08653934500762261,0.1786355972290039
0.08671770700311754,0.1786355972290039
0.08697011000185739,0.1786355972290039
0.0872259580064565,0.1786355972290039
0.08746463200077415,0.1786355972290039
0.08769616900826804,0.1786355972290039
0.08786612500261981,0.1786355972290039
0.08812338100688066,0.1786355972290039
0.08839891200477723,0.1786355972290039
0.08857703200192191,0.1786355972290039
0.08874273899709806,0.1786355972290039
0.08890486799646169,0.1786355972290039
0.08906452100200113,0.1786355972290039
0.08922996700857766,0.1786355972290039
0.08939601300517097,0.1786355972290039
0.0895580840006005,0.1786355972290039
0.08972849500423763,0.1786355972290039
0.08988852900802158,0.1786355972290039
0.09004645400273148,0.1786355972290039
0.09020439400046598,0.1786355972290039
0.09048756500124,0.1786355972290039
0.0907524460053537,0.1786355972290039
0.09094016700692009,0.1786355972290039
0.09111895400565118,0.17911624908447266
0.09133395200478844,0.17911624908447266
0.09161627500725444,0.17911624908447266
0.09180780200404115,0.17911624908447266
0.09199762500065845,0.1795969009399414
0.092184207009268,0.1795969009399414
0.09236069100734312,0.1795969009399414
0.09254570399934892,0.1795969009399414
0.09272601800330449,0.1795969009399414
0.09296509600244462,0.1795969009399414
0.09315412399882916,0.1795969009399414
0.09337985100864898,0.1795969009399414
0.09363570300047286,0.1795969009399414
0.09393307199934497,0.1795969009399414
0.09414810400630813,0.1795969009399414
0.09436123300110921,0.1795969009399414
0.09456037399650086,0.1795969009399414
0.09475220400781836,0.1795969009399414
0.09493572000064887,0.1795969009399414
0.09516998099570628,0.1795969009399414
0.09545480999804568,0.1795969009399414
0.09566202999849338,0.1795969009399414
0.09585597200202756,0.1795969009399414
0.09611181500076782,0.1795969009399414
0.09639250799955335,0.1795969009399414
0.09659376100171357,0.1795969009399414
0.09677764799562283,0.1795969009399414
0.0969564539991552,0.1795969009399414
0.09713645500596613,0.1795969009399414
0.09734116800245829,0.1795969009399414
0.0975237070088042,0.1795969009399414
0.09770500300510321,0.1795969009399414
0.09788534500694368,0.1795969009399414
0.09807446799823083,0.1795969009399414
0.09825307500432245,0.1795969009399414
0.09849969099741429,0.1795969009399414
0.09876564300793689,0.1795969009399414
0.09896036199643277,0.1795969009399414
0.09914459200808778,0.1795969009399414
0.0993610110017471,0.1795969009399414
0.09954193400335498,0.1795969009399414
0.09973215000354685,0.1795969009399414
0.09992670900828671,0.1795969009399414
0.10017793299630284,0.1795969009399414
0.11049234800157137,0.18007755279541016
0.12088271000538953,0.1805582046508789
0.13131590699777007,0.18200016021728516
0.1417183239973383,0.18392276763916016
0.15212782900198363,0.18584537506103516
0.162541355995927,0.1863260269165039
0.17296512000029907,0.18680667877197266
0.18337341099686455,0.1872873306274414
0.19378285900165793,0.1872873306274414
0.20421024700044654,0.18776798248291016
0.21462118299677968,0.18872928619384766
0.22506033300305717,0.1901712417602539
0.23547989899816457,0.19257450103759766
0.24591382200014777,0.19449710845947266
0.25635406700894237,0.19545841217041016
0.2667594500089763,0.1969003677368164
0.27719865800463594,0.19834232330322266
0.28761787099938374,0.19834232330322266
0.2980177179997554,0.1988229751586914
0.3084402050008066,0.1988229751586914
0.31889343800139613,0.19930362701416016
0.3293351580068702,0.1997842788696289
0.33976191299734637,0.20026493072509766
0.35022772100637667,0.20026493072509766
0.3606759520043852,0.2017068862915039
0.3711190589965554,0.2017068862915039
0.38160418800543994,0.20411014556884766
0.39199912099866197,0.2055521011352539
0.40241631800017785,0.2074747085571289
0.4128102340037003,0.2093973159790039
0.4232198219979182,0.20987796783447266
0.4336340940062655,0.21083927154541016
0.44405014799849596,0.2113199234008789
0.45446850299777,0.2113199234008789
0.4649035690090386,0.21180057525634766
0.47534550400450826,0.21276187896728516
0.48575693200109527,0.21276187896728516
0.4961810679960763,0.2142038345336914
0.5065923530055443,0.2142038345336914
0.5170499840023695,0.2151651382446289
0.5274879220087314,0.2151651382446289
0.5378917970083421,0.21564579010009766
0.5482936330081429,0.21660709381103516
0.5586957560008159,0.2170877456665039
0.5691080130054615,0.21756839752197266
0.5795165040035499,0.21852970123291016
0.5899379670008784,0.2199716567993164
0.6003308320068754,0.22141361236572266
0.6107350310048787,0.2218942642211914
0.6211546630074736,0.2238168716430664
0.6315555430046516,0.2257394790649414
0.6419648239971139,0.2267007827758789
0.6523895120044472,0.2286233901977539
0.6627916010038462,0.2286233901977539
0.6732275660033338,0.22910404205322266
0.6836511120054638,0.22910404205322266
0.6940904450020753,0.2295846939086914
0.7045762060006382,0.2295846939086914
0.7150001260015415,0.23006534576416016
0.7254068549955264,0.2305459976196289
0.7359824849991128,0.23052310943603516
0.7464184599957662,0.2310037612915039
0.7568456190056168,0.23220539093017578
0.7672808269999223,0.23653125762939453
0.777750367007684,0.24422168731689453
0.7882324890088057,0.24806690216064453
0.7986722530040424,0.25095081329345703
0.8091073960094946,0.26056385040283203
0.8196029090031516,0.2677736282348633
0.830044412999996,0.2706575393676758
0.8405082429962931,0.27402210235595703
0.8509231030038791,0.2773866653442383
0.8613568419968942,0.2841157913208008
0.8717704110022169,0.29228687286376953
0.8822131119959522,0.3004579544067383
0.8926707360078581,0.30766773223876953
0.9031099050043849,0.31247425079345703
0.9135514350055018,0.31728076934814453
0.9240150510013336,0.3177614212036133
0.934434438997414,0.31824207305908203
0.9448732360033318,0.31824207305908203
0.9553187520068604,0.3187227249145508
0.9657796950050397,0.3187227249145508
0.9762373910052702,0.31920337677001953
0.9866851330007194,0.3196840286254883
0.9971185460017296,0.3196840286254883
1.007540093996795,0.32016468048095703
1.1080414210009621,0.3264131546020508
1.2085324460058473,0.3379487991333008
1.3090224460029276,0.34419727325439453
1.4095352820004337,0.3485231399536133
1.5100213620025897,0.3619813919067383
1.6105220030003693,0.3658266067504883
1.7109995869977865,0.3696718215942383
1.8115299490018515,0.37279605865478516
1.9120680229971185,0.37567996978759766
2.0125662380014546,0.3828897476196289
2.113034855996375,0.39009952545166016
2.2135077419952722,0.39394474029541016
2.3139511629997287,0.39778995513916016
2.414443971007131,0.4021158218383789
2.5148822580085834,0.40548038482666016
2.615330679996987,0.4117288589477539
2.7157820950087626,0.41506290435791016
2.816251992000616,0.41890811920166016
2.9167065280053066,0.42179203033447266
3.0171941640001023,0.4251565933227539
3.1176676280010724,0.42852115631103516
3.2181199810002,0.43525028228759766
3.318577281999751,0.43813419342041016
3.4190234069974395,0.4453439712524414
3.5195065239968244,0.4482278823852539
3.619937042996753,0.45255374908447266
3.720373137999559,0.45639896392822266
3.820810880002682,0.4626474380493164
3.9212769830046454,0.4655313491821289
4.0217403739952715,0.4703378677368164
4.122176632998162,0.47562503814697266
4.2226600630092435,0.47850894927978516
4.323110469995299,0.4828348159790039
4.423584343006951,0.48619937896728516
4.524021510005696,0.4895639419555664
4.624481022998225,0.4924478530883789
4.7249347290053265,0.49581241607666016
4.825390714002424,0.4994173049926758
4.925852311003837,0.5071077346801758
5.026289044995792,0.512394905090332
5.126739102997817,0.5157594680786133
5.227171778999036,0.5186433792114258
5.327623659002711,0.5215272903442383
5.428060398000525,0.5253725051879883
5.528496505008661,0.5287370681762695
5.62892875300895,0.5321016311645508
5.729358302996843,0.5349855422973633
5.82979346299544,0.539311408996582
5.930242158006877,0.5421953201293945
6.030718925001565,0.545079231262207
6.131161166995298,0.5484437942504883
6.231609360009315,0.5513277053833008
6.332060501008527,0.5542116165161133
6.432511589009664,0.5575761795043945
6.532965935999528,0.5599794387817383
6.633432665999862,0.5633440017700195
6.7338960060005775,0.5664682388305664
6.834350325996638,0.5693521499633789
6.934813430998474,0.5741586685180664
7.035275030997582,0.5770425796508789
7.135735061005107,0.5804071426391602
7.236210767005105,0.5828104019165039
7.336663000009139,0.5861749649047852
7.437105225995765,0.5900201797485352
7.537566676008282,0.5933847427368164
7.638026972999796,0.5957880020141602
7.738485196008696,0.5991525650024414
7.838921475005918,0.6022768020629883
7.93937039100274,0.604680061340332
8.039819787009037,0.6080446243286133
8.140299527003663,0.6114091873168945
8.240735933999531,0.614293098449707
8.341173445005552,0.6171770095825195
8.441618643002585,0.620060920715332
8.54205900800298,0.6234254837036133
8.642514899009257,0.625828742980957
8.742966190999141,0.6291933059692383
8.843421248995583,0.6325578689575195
8.943852190001053,0.635441780090332
9.044289621000644,0.6383256912231445
9.144734800007427,0.6416902542114258
9.245164564999868,0.6445741653442383
9.345619933999842,0.6479387283325195
9.446054148007534,0.650822639465332
9.546515260008164,0.6537065505981445
9.6469630329957,0.6570711135864258
9.747403795001446,0.660435676574707
9.847831284001586,0.6630792617797852
9.948285396007122,0.6654825210571289
10.04872770300426,0.6688470840454102
11.050146840003435,0.6996088027954102
12.051619239005959,0.7303705215454102
13.052964672009693,0.7608919143676758
14.054358092005714,0.7916536331176758
15.055752430998837,0.8226556777954102
16.057149312997353,0.8519754409790039
17.058563084996422,0.8817758560180664
18.059958445999655,0.9113359451293945
19.061357398008113,0.9413766860961914
20.062756130995695,0.9721384048461914
21.064178177999565,1.0016984939575195
22.065594102008617,1.0317392349243164
23.066991900006542,1.0610589981079102
24.068387086008443,1.0908594131469727
25.069774521005456,1.1201791763305664
26.071164984008647,1.1509408950805664
27.072530381003162,1.180741310119629
28.07395164000627,1.2100610733032227
29.07528822599852,1.2389001846313477
30.07667060600943,1.269181251525879
31.078066521004075,1.298741340637207
32.079581174999475,1.3290224075317383
33.081014345007134,1.3585824966430664
34.082428312001866,1.3888635635375977
35.083823690001736,1.4186639785766602
36.085230625001714,1.448704719543457
37.0866293470026,1.4773035049438477
38.08803895700839,1.507584571838379
39.089502421004,1.5378656387329102
40.09093339300307,1.567906379699707
41.09228741200059,1.5977067947387695
42.0936934939964,1.6272668838500977
43.095113989009405,1.6568269729614258
44.09651160000067,1.6875886917114258
45.09786128500127,1.7164278030395508
46.09923537100258,1.746708869934082
47.10063315399748,1.7757883071899414
48.102051435998874,1.8060693740844727
49.10347241599811,1.8358697891235352
50.104890379996505,1.865910530090332
51.106324235996,1.8952302932739258
52.10775411700888,1.9250307083129883
53.10916800700943,1.9548311233520508
54.11059359399951,1.9841508865356445
55.112003750997246,2.0134706497192383
56.1134399290022,2.3480043411254883
57.11488171800738,3.3600168228149414
58.11632069099869,4.384285926818848
59.117730369005585,5.434990882873535
60.11914879799588,6.461663246154785
90.14979172800668,12.133576393127441
120.18260738400568,12.461853981018066
150.21299549900868,12.771843910217285
180.24350991699612,13.719395637512207
210.27389112699893,14.671528816223145
240.30446920200484,15.626580238342285
270.3348379020026,16.141362190246582
300.365403075004,16.875069618225098
330.3959253070061,17.853550910949707
360.4264516260009,18.790059089660645
390.4569156100042,19.75399875640869
420.48748194500513,20.59336566925049
450.5178647749999,20.65611743927002
480.54836991999764,21.616005897521973
510.5787488119968,22.590828895568848
540.6092740989989,23.560986518859863
570.639658265005,24.245091438293457
600.6702042120014,24.56285572052002
660.7308082039963,26.408883094787598
720.7914158650092,28.141350746154785
780.8519299760083,28.988476753234863
840.9125184949953,30.799981117248535
900.9729528440075,37.550705909729004
961.0334140540072,43.82390308380127
1021.0937884769955,52.63174915313721
1081.1543942410062,55.806397438049316
1141.2150330279983,61.9923677444458
1201.2754340579995,67.78231906890869
1261.3358576050086,69.30734729766846
1321.3424517710082,69.09384250640869
1381.4031296570029,70.06594944000244
1441.463743077009,72.36495304107666
1501.5224869090016,73.95072650909424
1561.583039286008,73.8788194656372
1621.6437134010048,76.57362842559814
1681.7043344300037,77.4268159866333
1741.7647119479952,77.99854755401611
1801.8253421830013,77.98876285552979
1861.8860399560072,80.41527271270752
1921.9424465180055,83.04762744903564
1982.0028594680043,82.61584949493408
2042.0633815320034,83.21842288970947
2102.1238378650014,84.32130146026611
2162.1786259530054,86.54586887359619
2222.239079225008,88.71018695831299
2282.2995502090052,87.42791080474854
2342.3599434530042,89.18054676055908
2402.420466883006,90.86045551300049
2462.480862972996,89.92291355133057
0,0
