0,0.003265380859375,1602852412.4716249
0.00044194801012054086,0.003265380859375,1602852412.4722795
0.0006581110064871609,0.003265380859375,1602852412.4723845
0.0007596689974889159,0.003265380859375,1602852412.4724765
0.0008515139925293624,0.003265380859375,1602852412.4725664
0.0009407949983142316,0.003265380859375,1602852412.4726532
0.001027252001222223,0.003265380859375,1602852412.472738
0.001112667960114777,0.003265380859375,1602852412.472824
0.0011982499854639173,0.003265380859375,1602852412.4729092
0.001283563964534551,0.003265380859375,1602852412.4730031
0.0013776409905403852,0.003265380859375,1602852412.4730895
0.0014636829728260636,0.003265380859375,1602852412.4731758
0.0015496069681830704,0.003265380859375,1602852412.4732606
0.001634546963032335,0.003265380859375,1602852412.4733448
0.0017186529585160315,0.003265380859375,1602852412.4734287
0.0018028480117209256,0.003265380859375,1602852412.473525
0.0018997470033355057,0.003265380859375,1602852412.4736125
0.0019871589611284435,0.003265380859375,1602852412.4736981
0.002071972005069256,0.003265380859375,1602852412.4737904
0.0021648159599862993,0.003265380859375,1602852412.4738772
0.002251269994303584,0.003265380859375,1602852412.4740162
0.0023916459758765996,0.003265380859375,1602852412.4741085
0.0024827590095810592,0.003265380859375,1602852412.4741936
0.0025677199591882527,0.003265380859375,1602852412.4742787
0.002653498959261924,0.003265380859375,1602852412.4743636
0.0027376280049793422,0.003265380859375,1602852412.4744487
0.0028227659640833735,0.003265380859375,1602852412.4745328
0.00290701596532017,0.003265380859375,1602852412.4746423
0.0030171179678291082,0.00348663330078125,1602852412.4747307
0.0031047809752635658,0.00348663330078125,1602852412.4748147
0.003189236973412335,0.00348663330078125,1602852412.4748983
0.003272533998824656,0.00348663330078125,1602852412.474987
0.0033609909587539732,0.00348663330078125,1602852412.475071
0.0034449700033292174,0.00348663330078125,1602852412.475154
0.0035278539871796966,0.00348663330078125,1602852412.4752743
0.003649213002063334,0.00348663330078125,1602852412.475365
0.003739258972927928,0.00348663330078125,1602852412.4754515
0.0038253209786489606,0.00348663330078125,1602852412.4755356
0.003909778955858201,0.00348663330078125,1602852412.4756193
0.003993301012087613,0.00348663330078125,1602852412.4757023
0.004076421959325671,0.00348663330078125,1602852412.475786
0.004160206997767091,0.00348663330078125,1602852412.4758694
0.004243568982928991,0.00348663330078125,1602852412.4759586
0.004332713957410306,0.00348663330078125,1602852412.4760435
0.004417723976075649,0.00348663330078125,1602852412.4761274
0.004501740972045809,0.00348663330078125,1602852412.4762108
0.004585296963341534,0.00396728515625,1602852412.4762948
0.0046688899747096,0.00396728515625,1602852412.4763782
0.004752147011458874,0.00396728515625,1602852412.4764616
0.004835530009586364,0.00396728515625,1602852412.4765441
0.00491821498144418,0.00396728515625,1602852412.4766278
0.0050018010078929365,0.00396728515625,1602852412.4767113
0.005085568001959473,0.00396728515625,1602852412.4767952
0.005169360956642777,0.00396728515625,1602852412.4768796
0.005253745010122657,0.00396728515625,1602852412.4769742
0.0053487399709410965,0.00396728515625,1602852412.4770608
0.005434935970697552,0.00396728515625,1602852412.4771461
0.005520604958292097,0.00396728515625,1602852412.4772313
0.005605364975053817,0.00396728515625,1602852412.477316
0.005689999961759895,0.00396728515625,1602852412.4774008
0.005774757999461144,0.00396728515625,1602852412.477486
0.00585967896040529,0.00396728515625,1602852412.4775703
0.0059444179642014205,0.00396728515625,1602852412.4776874
0.00606250501004979,0.00396728515625,1602852412.4777782
0.006152643996756524,0.00396728515625,1602852412.477864
0.006237874971702695,0.00396728515625,1602852412.4779556
0.0063296929583884776,0.00396728515625,1602852412.4780416
0.006415732961613685,0.00396728515625,1602852412.4781253
0.006499004957731813,0.00396728515625,1602852412.478216
0.006590133998543024,0.00396728515625,1602852412.4783008
0.006675074982922524,0.00396728515625,1602852412.4783852
0.006759051990229636,0.00396728515625,1602852412.4784682
0.006842016009613872,0.00444793701171875,1602852412.4785504
0.006925333000253886,0.00444793701171875,1602852412.478654
0.007028482970781624,0.00444793701171875,1602852412.4787416
0.0071158919599838555,0.00444793701171875,1602852412.4788256
0.007199779967777431,0.00444793701171875,1602852412.4789097
0.0072835529572330415,0.00444793701171875,1602852412.4789977
0.007371881976723671,0.00444793701171875,1602852412.4790819
0.007455755956470966,0.00444793701171875,1602852412.4791658
0.007540158985648304,0.00444793701171875,1602852412.4792502
0.00762429996393621,0.00444793701171875,1602852412.4793336
0.007707686978392303,0.00444793701171875,1602852412.4794168
0.007790558971464634,0.00444793701171875,1602852412.4795067
0.007881049008574337,0.00444793701171875,1602852412.4795945
0.007968625985085964,0.00444793701171875,1602852412.4796793
0.008053288969676942,0.00444793701171875,1602852412.4797637
0.00813764100894332,0.00444793701171875,1602852412.4798477
0.008222120988648385,0.00444793701171875,1602852412.4799368
0.008311592973768711,0.00444793701171875,1602852412.4800217
0.008395842975005507,0.00444793701171875,1602852412.4801059
0.00847997999517247,0.00444793701171875,1602852412.4801898
0.00856366497464478,0.00444793701171875,1602852412.480273
0.008646909962408245,0.00444793701171875,1602852412.4803555
0.008729840978048742,0.00444793701171875,1602852412.4804387
0.008812777989078313,0.00444793701171875,1602852412.4805229
0.008896844985429198,0.00444793701171875,1602852412.4806075
0.008981714956462383,0.0049285888671875,1602852412.4806938
0.009067713981494308,0.0049285888671875,1602852412.4807782
0.009152308979537338,0.0049285888671875,1602852412.480862
0.009236163983587176,0.0049285888671875,1602852412.4809513
0.009325513965450227,0.0049285888671875,1602852412.481037
0.009410763974301517,0.0049285888671875,1602852412.4811206
0.009494680969510227,0.0049285888671875,1602852412.4812052
0.009579042962286621,0.0049285888671875,1602852412.481329
0.00970390997827053,0.0049285888671875,1602852412.4814196
0.00979357399046421,0.0049285888671875,1602852412.481504
0.009878362994641066,0.0049285888671875,1602852412.4815881
0.009962142969015986,0.0049285888671875,1602852412.4816713
0.010045656992588192,0.0049285888671875,1602852412.4817548
0.010224561963696033,0.0049285888671875,1602852412.4819975
0.010461800964549184,0.0049285888671875,1602852412.4821887
0.010646306967828423,0.0049285888671875,1602852412.482368
0.010823895980138332,0.0049285888671875,1602852412.4825454
0.010990410984959453,0.00540924072265625,1602852412.4827094
0.011153706000186503,0.00540924072265625,1602852412.4828708
0.011328440974466503,0.00540924072265625,1602852412.483049
0.011492813006043434,0.00540924072265625,1602852412.4832087
0.011651598964817822,0.00540924072265625,1602852412.483367
0.011809858959168196,0.00540924072265625,1602852412.4835556
0.012000026006717235,0.00540924072265625,1602852412.4837193
0.01216288999421522,0.00540924072265625,1602852412.4838786
0.012321306974627078,0.00540924072265625,1602852412.4840403
0.012482949998229742,0.00540924072265625,1602852412.4841986
0.012641799985431135,0.00540924072265625,1602852412.4843566
0.012799505959264934,0.00540924072265625,1602852412.4845135
0.012957297964021564,0.00540924072265625,1602852412.4846718
0.013114901958033442,0.00540924072265625,1602852412.4848301
0.013272990006953478,0.00540924072265625,1602852412.4850042
0.013447361998260021,0.00540924072265625,1602852412.4852133
0.013657650968525559,0.00540924072265625,1602852412.4853747
0.013817839964758605,0.00540924072265625,1602852412.485533
0.013975991983897984,0.00540924072265625,1602852412.4857626
0.014208615000825375,0.005889892578125,1602852412.4859319
0.014375238970387727,0.005889892578125,1602852412.486131
0.01457661995664239,0.005889892578125,1602852412.4863005
0.014744554995559156,0.005889892578125,1602852412.486462
0.014905674965120852,0.005889892578125,1602852412.4866326
0.015127868973650038,0.005889892578125,1602852412.4868476
0.0152947370079346,0.005889892578125,1602852412.4870117
0.015454687993042171,0.005889892578125,1602852412.4871712
0.015614856965839863,0.005889892578125,1602852412.487331
0.01577385701239109,0.005889892578125,1602852412.4874892
0.015933116956148297,0.005889892578125,1602852412.4876482
0.016091779980342835,0.005889892578125,1602852412.4878078
0.016251282999292016,0.005889892578125,1602852412.487971
0.01641422900138423,0.005889892578125,1602852412.4881766
0.01662278699222952,0.005889892578125,1602852412.488355
0.016799654986243695,0.005889892578125,1602852412.488527
0.016972699959296733,0.005889892578125,1602852412.488699
0.017143336008302867,0.005889892578125,1602852412.4888651
0.017309191985987127,0.005889892578125,1602852412.4890277
0.017471464001573622,0.005889892578125,1602852412.4891882
0.017631748982239515,0.005889892578125,1602852412.4893486
0.01779207296203822,0.005889892578125,1602852412.4895093
0.017952733964193612,0.005889892578125,1602852412.489669
0.01811295800143853,0.00637054443359375,1602852412.489828
0.01827183598652482,0.00637054443359375,1602852412.4899914
0.018435158010106534,0.00637054443359375,1602852412.4901502
0.01859362400136888,0.00637054443359375,1602852412.4903076
0.01875166897661984,0.00637054443359375,1602852412.4904656
0.018909073958639055,0.00637054443359375,1602852412.4906363
0.019078977988101542,0.00637054443359375,1602852412.4907968
0.019239410990849137,0.00637054443359375,1602852412.4909596
0.019402568985242397,0.00637054443359375,1602852412.4911184
0.019561433990020305,0.00637054443359375,1602852412.491276
0.019719136995263398,0.00637054443359375,1602852412.4914331
0.01987690996611491,0.00637054443359375,1602852412.4915912
0.020035791967529804,0.00637054443359375,1602852412.4917495
0.02019246795680374,0.00637054443359375,1602852412.491907
0.020349356986116618,0.00637054443359375,1602852412.4920638
0.02050732698990032,0.00637054443359375,1602852412.4922214
0.020665318006649613,0.0068511962890625,1602852412.4923792
0.020822532009333372,0.0068511962890625,1602852412.4925365
0.020980382978450507,0.0068511962890625,1602852412.4926946
0.021137889998499304,0.0068511962890625,1602852412.4928515
0.021296834980603307,0.0068511962890625,1602852412.4930117
0.021455815993249416,0.0068511962890625,1602852412.493171
0.021613568998873234,0.0068511962890625,1602852412.4933276
0.021770573977846652,0.0068511962890625,1602852412.4934967
0.021941114973742515,0.0068511962890625,1602852412.4936583
0.022101197973825037,0.0068511962890625,1602852412.493816
0.022258616983890533,0.0068511962890625,1602852412.4939773
0.02242047298932448,0.0068511962890625,1602852412.4941356
0.022580121993087232,0.0068511962890625,1602852412.4943109
0.022754675999749452,0.0068511962890625,1602852412.4944708
0.022915782989002764,0.0068511962890625,1602852412.4946537
0.02309685799991712,0.0068511962890625,1602852412.4948144
0.02325765701243654,0.0068511962890625,1602852412.494982
0.023424996994435787,0.0068511962890625,1602852412.495141
0.023583912989124656,0.0068511962890625,1602852412.4952984
0.02374106098432094,0.0068511962890625,1602852412.4954553
0.023898145009297878,0.0068511962890625,1602852412.4956124
0.024055126996245235,0.0068511962890625,1602852412.4957702
0.024212969990912825,0.0068511962890625,1602852412.4959307
0.0243733570096083,0.0068511962890625,1602852412.4960878
0.024530784983653575,0.0068511962890625,1602852412.496245
0.024687938974238932,0.0068511962890625,1602852412.4964025
0.024845486972481012,0.0068511962890625,1602852412.4965594
0.025007090996950865,0.0068511962890625,1602852412.4967225
0.02519547299016267,0.0068511962890625,1602852412.4969802
0.025428485998418182,0.0068511962890625,1602852412.4971502
0.025593672995455563,0.0068511962890625,1602852412.49731
0.02575321396579966,0.0068511962890625,1602852412.4974685
0.02591170195955783,0.0068511962890625,1602852412.4976344
0.02607882599113509,0.0068511962890625,1602852412.4977946
0.026237515965476632,0.0068511962890625,1602852412.497959
0.026402118965052068,0.0068511962890625,1602852412.4981172
0.02656004996970296,0.0068511962890625,1602852412.4982743
0.02671728195855394,0.0068511962890625,1602852412.4984343
0.026877897966187447,0.0068511962890625,1602852412.4985917
0.027009693963918835,0.0068511962890625,1602852412.4987273
0.02717081899754703,0.00733184814453125,1602852412.4988878
0.027330715965945274,0.00733184814453125,1602852412.5002246
0.028682742966338992,0.0078125,1602852412.5004508
0.02889769000466913,0.0078125,1602852412.5006227
0.02906853798776865,0.0078125,1602852412.500788
0.029232094006147236,0.0078125,1602852412.5009556
0.029398567974567413,0.0078125,1602852412.5011156
0.029558829963207245,0.0078125,1602852412.5012755
0.029718620993662626,0.0078125,1602852412.5014336
0.02987657400080934,0.0078125,1602852412.5015957
0.03003845299826935,0.0078125,1602852412.5017543
0.030197251006029546,0.0078125,1602852412.5019126
0.030356080969795585,0.0078125,1602852412.5020719
0.030515016987919807,0.00829315185546875,1602852412.502236
0.030679655959829688,0.00829315185546875,1602852412.5023954
0.030838639999274164,0.00829315185546875,1602852412.5025544
0.03098588896682486,0.00829315185546875,1602852412.5027015
0.031183649960439652,0.00829315185546875,1602852412.5030215
0.031479897967074066,0.00829315185546875,1602852412.5032306
0.03167962800944224,0.00829315185546875,1602852412.5034077
0.03190831799292937,0.00829315185546875,1602852412.5036533
0.03213324100943282,0.0087738037109375,1602852412.5039113
0.03236845100764185,0.0087738037109375,1602852412.5041382
0.032583839958533645,0.0087738037109375,1602852412.5043101
0.03275371895870194,0.0087738037109375,1602852412.5044723
0.03291554999304935,0.0087738037109375,1602852412.5046332
0.0330760829965584,0.0087738037109375,1602852412.5047927
0.033236157963983715,0.0087738037109375,1602852412.5049891
0.03343405795749277,0.0087738037109375,1602852412.5051603
0.03360373998293653,0.0087738037109375,1602852412.5053203
0.033770265989005566,0.0087738037109375,1602852412.505487
0.03392930998234078,0.0087738037109375,1602852412.505646
0.03408909396966919,0.0087738037109375,1602852412.5058053
0.03424898599041626,0.0087738037109375,1602852412.505971
0.03441424696939066,0.0087738037109375,1602852412.5061316
0.03457528498256579,0.0087738037109375,1602852412.5062919
0.03473506699083373,0.0087738037109375,1602852412.5064523
0.03489599796012044,0.0087738037109375,1602852412.5066245
0.035067153978161514,0.0087738037109375,1602852412.5067844
0.035228516964707524,0.0087738037109375,1602852412.506953
0.03539660095702857,0.0087738037109375,1602852412.507113
0.035556069982703775,0.0087738037109375,1602852412.5073142
0.035759127989877015,0.0087738037109375,1602852412.5075066
0.035950949997641146,0.0087738037109375,1602852412.507668
0.036111251974944025,0.0087738037109375,1602852412.5078275
0.036271957971621305,0.0087738037109375,1602852412.5079963
0.036439724965021014,0.0087738037109375,1602852412.5081553
0.036598247999791056,0.0087738037109375,1602852412.508314
0.036756941000930965,0.0087738037109375,1602852412.5084727
0.03691562596941367,0.0087738037109375,1602852412.5086334
0.03707602096255869,0.0087738037109375,1602852412.5087938
0.037236596981529146,0.0087738037109375,1602852412.50896
0.03740287898108363,0.0087738037109375,1602852412.5091212
0.03756470396183431,0.0087738037109375,1602852412.5092807
0.03772368497448042,0.0087738037109375,1602852412.5094473
0.037891162966843694,0.0087738037109375,1602852412.5096078
0.03805038001155481,0.0087738037109375,1602852412.509766
0.03820880799321458,0.0087738037109375,1602852412.5099297
0.0383733999915421,0.0087738037109375,1602852412.5100899
0.03853451198665425,0.0087738037109375,1602852412.5102558
0.03869952401146293,0.0087738037109375,1602852412.5104241
0.038867771974764764,0.0087738037109375,1602852412.510584
0.03901154495542869,0.0087738037109375,1602852412.5107303
0.03917342401109636,0.0087738037109375,1602852412.51089
0.03933302900986746,0.0087738037109375,1602852412.511049
0.039492270967457443,0.0087738037109375,1602852412.5112076
0.03965068998513743,0.0087738037109375,1602852412.511371
0.03981479199137539,0.0087738037109375,1602852412.5115306
0.03997399698710069,0.0087738037109375,1602852412.5116901
0.04013407998718321,0.0087738037109375,1602852412.5118499
0.04029614297905937,0.0087738037109375,1602852412.512011
0.04045493999728933,0.0087738037109375,1602852412.51217
0.0406133679789491,0.0087738037109375,1602852412.5123348
0.040779953997116536,0.0087738037109375,1602852412.5124989
0.04094278201228008,0.0087738037109375,1602852412.5126603
0.041104202973656356,0.0087738037109375,1602852412.5128193
0.041262424958404154,0.00925445556640625,1602852412.5129833
0.04142651899019256,0.00925445556640625,1602852412.5131438
0.04158725601155311,0.00925445556640625,1602852412.513303
0.04174589097965509,0.00925445556640625,1602852412.51347
0.041915056004654616,0.00925445556640625,1602852412.513633
0.04207624995615333,0.00925445556640625,1602852412.5137928
0.04223618796095252,0.00925445556640625,1602852412.5139563
0.042399908998049796,0.00925445556640625,1602852412.5141177
0.04256072599673644,0.00925445556640625,1602852412.5142756
0.042719325982034206,0.00925445556640625,1602852412.5144353
0.04287904698867351,0.00925445556640625,1602852412.5145946
0.04298605298390612,0.00925445556640625,1602852412.514701
0.043143866991158575,0.00925445556640625,1602852412.5148587
0.04330179700627923,0.00925445556640625,1602852412.5150177
0.04346092097694054,0.00925445556640625,1602852412.5151758
0.04361870797583833,0.00925445556640625,1602852412.5153346
0.04377737100003287,0.00925445556640625,1602852412.5154934
0.0439370860112831,0.00925445556640625,1602852412.5156538
0.04409658699296415,0.00925445556640625,1602852412.5158136
0.04425792599795386,0.00925445556640625,1602852412.5159776
0.04442097700666636,0.00925445556640625,1602852412.5161402
0.04461248900042847,0.00925445556640625,1602852412.5163565
0.0448033629800193,0.00925445556640625,1602852412.5165226
0.04496606899192557,0.00925445556640625,1602852412.516694
0.04513861599843949,0.00925445556640625,1602852412.5168607
0.04533993196673691,0.00925445556640625,1602852412.517064
0.04550797800766304,0.00925445556640625,1602852412.5172386
0.04573408595751971,0.00925445556640625,1602852412.5175729
0.046031429956201464,0.00925445556640625,1602852412.517768
0.046220019983593374,0.00925445556640625,1602852412.5179455
0.04639037197921425,0.00925445556640625,1602852412.518112
0.04655789496609941,0.00925445556640625,1602852412.5182788
0.046724030980840325,0.00925445556640625,1602852412.518445
0.04688910400727764,0.00925445556640625,1602852412.5186253
0.047069079999346286,0.00925445556640625,1602852412.518828
0.04727257997728884,0.00925445556640625,1602852412.5189972
0.04744686896447092,0.00925445556640625,1602852412.5191705
0.04761440597940236,0.00925445556640625,1602852412.5193381
0.04778363701188937,0.00925445556640625,1602852412.519504
0.04794860596302897,0.00925445556640625,1602852412.5196667
0.04811013996368274,0.00925445556640625,1602852412.519836
0.048279598995577544,0.00925445556640625,1602852412.520002
0.04844645201228559,0.009735107421875,1602852412.5201676
0.04861124500166625,0.009735107421875,1602852412.5203302
0.04877344099804759,0.009735107421875,1602852412.5204906
0.04893443896435201,0.009735107421875,1602852412.5206516
0.04909553995821625,0.009735107421875,1602852412.520872
0.04931907699210569,0.009735107421875,1602852412.5210505
0.04949395899893716,0.009735107421875,1602852412.5212116
0.04965645499760285,0.009735107421875,1602852412.5213733
0.04981673398287967,0.009735107421875,1602852412.5215328
0.04997600300703198,0.009735107421875,1602852412.521693
0.050136475008912385,0.009735107421875,1602852412.5218582
0.050302276969887316,0.009735107421875,1602852412.522018
0.05057504295837134,0.009735107421875,1602852412.5224028
0.05094240099424496,0.009735107421875,1602852412.5227993
0.051254810008686036,0.009735107421875,1602852412.5229964
0.051446592959109694,0.01021575927734375,1602852412.523177
0.05167111899936572,0.01021575927734375,1602852412.5234132
0.05189647799124941,0.01021575927734375,1602852412.523633
0.052078069013077766,0.01021575927734375,1602852412.5238147
0.05225910700391978,0.01021575927734375,1602852412.5239806
0.052424004999920726,0.01021575927734375,1602852412.5241425
0.05258575698826462,0.01021575927734375,1602852412.5243032
0.05274625198217109,0.01021575927734375,1602852412.5244627
0.0529726329841651,0.01021575927734375,1602852412.524765
0.05321912799263373,0.01021575927734375,1602852412.5249798
0.05347783101024106,0.0106964111328125,1602852412.5252235
0.0536701749661006,0.0106964111328125,1602852412.5254366
0.05388206796487793,0.0106964111328125,1602852412.5256057
0.05407394596841186,0.0106964111328125,1602852412.5258098
0.054254996008239686,0.0106964111328125,1602852412.5259936
0.05443914100760594,0.0106964111328125,1602852412.526158
0.05462055199313909,0.0106964111328125,1602852412.5263548
0.05480352998711169,0.0106964111328125,1602852412.5265234
0.05502658797195181,0.0106964111328125,1602852412.526763
0.0552092109574005,0.0106964111328125,1602852412.5269482
0.055392223002854735,0.01117706298828125,1602852412.527111
0.05555468500824645,0.01117706298828125,1602852412.5272703
0.05571314797271043,0.01117706298828125,1602852412.527428
0.055872484983410686,0.01117706298828125,1602852412.5275874
0.056031395972240716,0.01117706298828125,1602852412.5277457
0.05619074800051749,0.01117706298828125,1602852412.5279055
0.05634903896134347,0.01117706298828125,1602852412.5280643
0.05650764500023797,0.01117706298828125,1602852412.528225
0.056668370962142944,0.01117706298828125,1602852412.5283835
0.05686453101225197,0.01117706298828125,1602852412.5285978
0.057042967004235834,0.01117706298828125,1602852412.5287597
0.057202983007300645,0.01165771484375,1602852412.5289185
0.057381304970476776,0.01165771484375,1602852412.5290995
0.057543111965060234,0.01165771484375,1602852412.529259
0.057702541002072394,0.01165771484375,1602852412.5294182
0.057892165961675346,0.01165771484375,1602852412.5296245
0.0580703669693321,0.01165771484375,1602852412.5297885
0.05826882499968633,0.01165771484375,1602852412.5300708
0.05852494796272367,0.01165771484375,1602852412.53026
0.0587061140104197,0.01165771484375,1602852412.530484
0.05893155897501856,0.01165771484375,1602852412.5306718
0.05911980598466471,0.01165771484375,1602852412.5308769
0.059321106993593276,0.01165771484375,1602852412.531043
0.05948621698189527,0.01165771484375,1602852412.531204
0.05966832797275856,0.01165771484375,1602852412.531403
0.059848592965863645,0.01165771484375,1602852412.5315683
0.060014615999534726,0.01165771484375,1602852412.5317338
0.06022383499657735,0.01165771484375,1602852412.5320117
0.06046320399036631,0.01165771484375,1602852412.5321906
0.06063475098926574,0.01165771484375,1602852412.5323548
0.06079849199159071,0.01165771484375,1602852412.5325167
0.06095991301117465,0.01165771484375,1602852412.5326774
0.061120730999391526,0.01165771484375,1602852412.5328455
0.06128884496865794,0.01165771484375,1602852412.5330782
0.061561356007587165,0.01165771484375,1602852412.5333009
0.061747254978399724,0.01165771484375,1602852412.5334756
0.0619191259611398,0.01165771484375,1602852412.533637
0.062080540985334665,0.01165771484375,1602852412.5337968
0.062239767983555794,0.01165771484375,1602852412.5339997
0.062444494978990406,0.01165771484375,1602852412.534165
0.06260948098497465,0.01165771484375,1602852412.5343266
0.06277025700546801,0.01165771484375,1602852412.534494
0.06293721497058868,0.01165771484375,1602852412.5346847
0.06313127197790891,0.01165771484375,1602852412.5348487
0.0633238639566116,0.01165771484375,1602852412.5350568
0.06350241997279227,0.01165771484375,1602852412.535225
0.06366832397179678,0.01165771484375,1602852412.535385
0.06382897397270426,0.01165771484375,1602852412.535547
0.063990966998972,0.01165771484375,1602852412.5357091
0.06415299297077581,0.01165771484375,1602852412.5358706
0.06431320699630305,0.01165771484375,1602852412.5360296
0.06447299499996006,0.01165771484375,1602852412.5361886
0.06463196699041873,0.01165771484375,1602852412.5363479
0.06479221698828042,0.01165771484375,1602852412.53651
0.06495357298990712,0.01165771484375,1602852412.5366693
0.06511223496636376,0.01165771484375,1602852412.5368273
0.06527070997981355,0.01165771484375,1602852412.5369918
0.06543448497541249,0.01165771484375,1602852412.5371494
0.06559330096933991,0.01165771484375,1602852412.5373094
0.0657531899632886,0.01165771484375,1602852412.537468
0.06591119500808418,0.01165771484375,1602852412.537627
0.06606981495860964,0.01165771484375,1602852412.537785
0.06622849096311256,0.01165771484375,1602852412.5379498
0.06639356398954988,0.01165771484375,1602852412.5381093
0.06655319896526635,0.01165771484375,1602852412.5382676
0.06671131000621244,0.01165771484375,1602852412.538427
0.06687214697012678,0.01165771484375,1602852412.5385902
0.06699010700685903,0.01165771484375,1602852412.5387073
0.06715049396734685,0.01165771484375,1602852412.5388708
0.06731380795827135,0.01165771484375,1602852412.5390377
0.06748134596273303,0.01165771484375,1602852412.5392034
0.06764691299758852,0.01165771484375,1602852412.5393634
0.06780605996027589,0.01165771484375,1602852412.5395212
0.06796479196054861,0.01165771484375,1602852412.5396805
0.06812402699142694,0.01165771484375,1602852412.539846
0.06828909198520705,0.01165771484375,1602852412.5400279
0.06847164197824895,0.01165771484375,1602852412.5401883
0.06863155600149184,0.01165771484375,1602852412.540348
0.0687913770088926,0.01165771484375,1602852412.5405078
0.06895140797132626,0.01165771484375,1602852412.5406673
0.06911171198589727,0.01165771484375,1602852412.5408268
0.06927008897764608,0.01165771484375,1602852412.5409913
0.06943371798843145,0.01165771484375,1602852412.5411508
0.0695939710130915,0.01165771484375,1602852412.5413105
0.06975484400754794,0.01165771484375,1602852412.541472
0.06991535995621234,0.01165771484375,1602852412.5416317
0.07007507997332141,0.01165771484375,1602852412.5417902
0.07023385597858578,0.01165771484375,1602852412.5419543
0.07039790897397324,0.01165771484375,1602852412.542115
0.07055838196538389,0.01165771484375,1602852412.5422745
0.07071768899913877,0.01165771484375,1602852412.5424337
0.07087692600907758,0.01165771484375,1602852412.5425923
0.0709858579793945,0.01165771484375,1602852412.542701
0.07114462699973956,0.01165771484375,1602852412.5428593
0.07130212098127231,0.01165771484375,1602852412.5430176
0.07146074197953567,0.01165771484375,1602852412.543176
0.07161989598535001,0.01165771484375,1602852412.5433362
0.0717799139674753,0.01165771484375,1602852412.5435264
0.07197203498799354,0.01165771484375,1602852412.5437014
0.0721447899704799,0.01165771484375,1602852412.5438638
0.07230723998509347,0.01165771484375,1602852412.544023
0.07246623397804797,0.01165771484375,1602852412.544181
0.07262432598508894,0.01165771484375,1602852412.5443397
0.07278382597723976,0.01213836669921875,1602852412.5444996
0.07294366101268679,0.01213836669921875,1602852412.544658
0.07310121395858005,0.01213836669921875,1602852412.544817
0.07326093997107819,0.01213836669921875,1602852412.54498
0.07344884396297857,0.01213836669921875,1602852412.545166
0.07360909995622933,0.01213836669921875,1602852412.5453274
0.07377042499138042,0.01213836669921875,1602852412.5454895
0.07393344497540966,0.01213836669921875,1602852412.545651
0.074094001960475,0.01213836669921875,1602852412.5458095
0.0742529829731211,0.01213836669921875,1602852412.545975
0.07441872596973553,0.01213836669921875,1602852412.5461352
0.07457867596531287,0.01213836669921875,1602852412.5462954
0.07473853696137667,0.01213836669921875,1602852412.5464537
0.07489845401141793,0.01213836669921875,1602852412.5466244
0.07506783498683944,0.01213836669921875,1602852412.5467896
0.0752332559786737,0.01213836669921875,1602852412.546956
0.07540464296471328,0.01213836669921875,1602852412.547128
0.07557148998603225,0.01213836669921875,1602852412.5472898
0.07573321100790054,0.01213836669921875,1602852412.5474503
0.0758931830059737,0.01213836669921875,1602852412.5476086
0.07605130301089957,0.01213836669921875,1602852412.5477662
0.07620990299619734,0.01213836669921875,1602852412.5479288
0.07637168298242614,0.01213836669921875,1602852412.548087
0.07653034100076184,0.01213836669921875,1602852412.548245
0.0766879940056242,0.01213836669921875,1602852412.548403
0.07684593601152301,0.01213836669921875,1602852412.5485606
0.07700443698558956,0.01213836669921875,1602852412.5487237
0.0771671769907698,0.01213836669921875,1602852412.5488818
0.07732748601119965,0.01213836669921875,1602852412.5490434
0.07751031796215102,0.01213836669921875,1602852412.5492501
0.07769596797879785,0.01213836669921875,1602852412.5494144
0.07785746699664742,0.01213836669921875,1602852412.5495727
0.07801603898406029,0.01213836669921875,1602852412.5497313
0.0781739599769935,0.01213836669921875,1602852412.5498888
0.07834818901028484,0.01213836669921875,1602852412.5500772
0.07852280599763617,0.01213836669921875,1602852412.5502384
0.0786816090112552,0.01213836669921875,1602852412.5503972
0.0788404030026868,0.01213836669921875,1602852412.550555
0.07901131000835449,0.01213836669921875,1602852412.5507326
0.07917629700386897,0.01213836669921875,1602852412.5508919
0.07933803997002542,0.01213836669921875,1602852412.551053
0.0795467320131138,0.01213836669921875,1602852412.5512893
0.07973664597375318,0.01213836669921875,1602852412.5514555
0.0798986239824444,0.01213836669921875,1602852412.5516143
0.08005748700816184,0.0126190185546875,1602852412.551776
0.08021885599009693,0.0126190185546875,1602852412.5519595
0.08040429395623505,0.0126190185546875,1602852412.5521228
0.08056615997338668,0.0126190185546875,1602852412.5522828
0.08072560798609629,0.0126190185546875,1602852412.552442
0.08088549599051476,0.01190185546875,1602852412.5526073
0.08105012198211625,0.01190185546875,1602852412.5527647
0.08120769797824323,0.01190185546875,1602852412.552927
0.08136953000212088,0.01190185546875,1602852412.5530841
0.08152720396174118,0.01190185546875,1602852412.5532413
0.08168477099388838,0.01190185546875,1602852412.5533993
0.08185150497592986,0.01190185546875,1602852412.5535696
0.08201262098737061,0.01190185546875,1602852412.553739
0.08218201500130817,0.01190185546875,1602852412.5538971
0.08234008500585333,0.01190185546875,1602852412.554055
0.08249961899127811,0.01190185546875,1602852412.5542133
0.0826565419556573,0.01190185546875,1602852412.5543704
0.08281325700227171,0.01190185546875,1602852412.5545328
0.08297573897289112,0.01190185546875,1602852412.5546992
0.08314212696859613,0.01190185546875,1602852412.5548606
0.08330334996571764,0.01190185546875,1602852412.5550177
0.08346063300268725,0.01190185546875,1602852412.5551744
0.08361726795556024,0.01190185546875,1602852412.5553353
0.08377851301338524,0.01190185546875,1602852412.5554938
0.08393714198609814,0.01190185546875,1602852412.5556526
0.0840952429571189,0.01190185546875,1602852412.5558102
0.08425293600885198,0.01190185546875,1602852412.5559719
0.0844530729809776,0.01190185546875,1602852412.5561776
0.08462295000208542,0.01190185546875,1602852412.5563397
0.08478264196310192,0.01190185546875,1602852412.5564976
0.08494100999087095,0.01190185546875,1602852412.5566556
0.0850990239996463,0.01190185546875,1602852412.5568132
0.0852559480117634,0.01190185546875,1602852412.5569859
0.08542930200928822,0.01190185546875,1602852412.5571446
0.08558775100391358,0.01238250732421875,1602852412.5573018
0.08574544999282807,0.01238250732421875,1602852412.5574594
0.08590232400456443,0.01238250732421875,1602852412.5576158
0.08605906000593677,0.01238250732421875,1602852412.557773
0.0862160520046018,0.01238250732421875,1602852412.557934
0.08637708000605926,0.01238250732421875,1602852412.5580912
0.08653386798687279,0.01238250732421875,1602852412.558248
0.08669147896580398,0.01238250732421875,1602852412.5584056
0.08685178798623383,0.01238250732421875,1602852412.5585938
0.08705308096250519,0.01238250732421875,1602852412.559038
0.08750051097013056,0.01238250732421875,1602852412.5592706
0.087736387969926,0.01238250732421875,1602852412.5594785
0.08795847598230466,0.01238250732421875,1602852412.5597315
0.08818260196130723,0.01238250732421875,1602852412.5599046
0.08834841201314703,0.01238250732421875,1602852412.5600688
0.08851231896551326,0.01238250732421875,1602852412.560229
0.08867232600459829,0.01238250732421875,1602852412.5603895
0.08887181500904262,0.01238250732421875,1602852412.5606642
0.08911740098847076,0.01238250732421875,1602852412.56088
0.08932721096789464,0.01238250732421875,1602852412.561055
0.0894991880049929,0.01238250732421875,1602852412.561228
0.08967184700304642,0.01238250732421875,1602852412.5613904
0.08983368298504502,0.01238250732421875,1602852412.5615494
0.08999281999422237,0.01238250732421875,1602852412.561708
0.09015082300174981,0.01238250732421875,1602852412.5618668
0.09030960296513513,0.01238250732421875,1602852412.5620244
0.09046739799669012,0.01238250732421875,1602852412.5621872
0.09063021698966622,0.01238250732421875,1602852412.5623446
0.09078748500905931,0.01238250732421875,1602852412.5625014
0.0909458399983123,0.01238250732421875,1602852412.5626771
0.09112583595560864,0.01238250732421875,1602852412.5628443
0.09128704300383106,0.01238250732421875,1602852412.5630033
0.09144617896527052,0.01238250732421875,1602852412.5631611
0.0916076289722696,0.01238250732421875,1602852412.5633228
0.09178618399892002,0.01238250732421875,1602852412.5635464
0.09199306700611487,0.01238250732421875,1602852412.563714
0.09216459700837731,0.01238250732421875,1602852412.5638864
0.09233026398578659,0.01238250732421875,1602852412.5640478
0.09249112696852535,0.01238250732421875,1602852412.5642142
0.09270010801265016,0.0128631591796875,1602852412.564488
0.09294248098740354,0.0128631591796875,1602852412.5646715
0.09311561298090965,0.0128631591796875,1602852412.5648358
0.09327995998319238,0.0128631591796875,1602852412.5650318
0.0934760450036265,0.0128631591796875,1602852412.5651941
0.09363729000324383,0.0128631591796875,1602852412.5653536
0.09379699401324615,0.0128631591796875,1602852412.5655124
0.09395599499111995,0.0128631591796875,1602852412.5656712
0.0941148399724625,0.0128631591796875,1602852412.5658352
0.09427829296328127,0.0128631591796875,1602852412.5659983
0.09444188396446407,0.0128631591796875,1602852412.5661573
0.09460033796494827,0.01334381103515625,1602852412.5663154
0.09476078697480261,0.01334381103515625,1602852412.5664752
0.09491854999214411,0.01334381103515625,1602852412.5666611
0.09510524099459872,0.01334381103515625,1602852412.5668237
0.09526801796164364,0.01334381103515625,1602852412.5669932
0.09548793698195368,0.01334381103515625,1602852412.5672867
0.09574201196664944,0.01334381103515625,1602852412.567481
0.0959266239660792,0.01334381103515625,1602852412.567655
0.09609978296793997,0.01334381103515625,1602852412.5678535
0.09629785601282492,0.01334381103515625,1602852412.5680192
0.0964626629720442,0.013824462890625,1602852412.5681808
0.096624850993976,0.013824462890625,1602852412.5683434
0.09682643599808216,0.013824462890625,1602852412.568574
0.0970203909673728,0.013824462890625,1602852412.568741
0.09718635800527409,0.013824462890625,1602852412.56891
0.09735371801070869,0.013824462890625,1602852412.5690713
0.09751413698541,0.013824462890625,1602852412.5692322
0.0976753139984794,0.013824462890625,1602852412.5693927
0.0978365539922379,0.013824462890625,1602852412.5695531
0.0980464110034518,0.013824462890625,1602852412.569798
0.09824446198763326,0.01430511474609375,1602852412.5699666
0.09841046400833875,0.01430511474609375,1602852412.570129
0.09857229999033734,0.01430511474609375,1602852412.570288
0.09873096598312259,0.01430511474609375,1602852412.5704458
0.09888912696624175,0.01430511474609375,1602852412.5706177
0.09906176698859781,0.01430511474609375,1602852412.5707865
0.0992295679752715,0.01430511474609375,1602852412.5709453
0.09938834101194516,0.01430511474609375,1602852412.5711029
0.09954558697063476,0.01430511474609375,1602852412.5712633
0.09970660298131406,0.01430511474609375,1602852412.5714226
0.09989184100413695,0.01430511474609375,1602852412.5716252
0.10007038898766041,0.01430511474609375,1602852412.5718079
0.11028978996910155,0.0167083740234375,1602852412.5821812
0.12066510895965621,0.0167083740234375,1602852412.5925357
0.13103081000735983,0.0167083740234375,1602852412.6029043
0.14142068097135052,0.01718902587890625,1602852412.6133013
0.1517866489593871,0.017669677734375,1602852412.6236882
0.16218618996208534,0.0186309814453125,1602852412.6341019
0.17259867198299617,0.01959228515625,1602852412.6445236
0.18306461500469595,0.0205535888671875,1602852412.6549902
0.19349122600397095,0.02391815185546875,1602852412.665381
0.20386873598909006,0.02728271484375,1602852412.6757488
0.21426177601097152,0.025360107421875,1602852412.6861777
0.22467602195683867,0.025360107421875,1602852412.6965828
0.23504037701059133,0.02584075927734375,1602852412.7069864
0.24550815596012399,0.02608489990234375,1602852412.7174206
0.2559187739971094,0.02704620361328125,1602852412.7278504
0.2663494069711305,0.02800750732421875,1602852412.7382622
0.2767645709682256,0.0284881591796875,1602852412.748691
0.2871831819647923,0.029449462890625,1602852412.7591047
0.2976042339578271,0.0304107666015625,1602852412.7695084
0.30800912098493427,0.03089141845703125,1602852412.7799182
0.3184222030104138,0.03185272216796875,1602852412.7903433
0.3288805689662695,0.03209686279296875,1602852412.800838
0.3393297849688679,0.03305816650390625,1602852412.8112876
0.34979629499139264,0.0345001220703125,1602852412.8216987
0.36020074697444215,0.03690338134765625,1602852412.8321095
0.3706357429618947,0.03882598876953125,1602852412.8425362
0.3810395739856176,0.041229248046875,1602852412.8529594
0.39144351199502125,0.04315185546875,1602852412.8633268
0.40182199398986995,0.04555511474609375,1602852412.8737335
0.4122462869854644,0.04747772216796875,1602852412.8841302
0.42266600095899776,0.0469970703125,1602852412.8945558
0.4330689189955592,0.04315185546875,1602852412.9049647
0.44344908295897767,0.04315185546875,1602852412.915333
0.4538619119557552,0.04363250732421875,1602852412.9257388
0.4642259979736991,0.04459381103515625,1602852412.9361038
0.4745933460071683,0.04555511474609375,1602852412.9464698
0.48496187198907137,0.0460357666015625,1602852412.956843
0.4953245429787785,0.0469970703125,1602852412.9672027
0.5057280139881186,0.0479583740234375,1602852412.9775941
0.5160854909918271,0.04772186279296875,1602852412.9879956
0.5264924899674952,0.04868316650390625,1602852412.9983733
0.5368646080023609,0.049163818359375,1602852413.0087385
0.5472431419766508,0.04964447021484375,1602852413.0191364
0.5576303660054691,0.05060577392578125,1602852413.0295155
0.5680065680062398,0.05156707763671875,1602852413.0399046
0.578468743013218,0.0520477294921875,1602852413.050379
0.5888851619674824,0.05252838134765625,1602852413.0607944
0.5993074940051883,0.05348968505859375,1602852413.0712063
0.6096987259807065,0.0539703369140625,1602852413.081581
0.6200690149562433,0.05445098876953125,1602852413.0919867
0.6304908950114623,0.05541229248046875,1602852413.1023827
0.6408944929717109,0.0558929443359375,1602852413.112848
0.6513374759815633,0.0561370849609375,1602852413.1232316
0.6617326319683343,0.05661773681640625,1602852413.1336281
0.6721356909838505,0.05757904052734375,1602852413.144063
0.6825695589650422,0.0580596923828125,1602852413.1544619
0.692963431996759,0.05902099609375,1602852413.1648686
0.7033491169568151,0.05950164794921875,1602852413.1752307
0.713726565008983,0.0599822998046875,1602852413.1856103
0.7241078069782816,0.060943603515625,1602852413.1960366
0.734547175001353,0.06142425537109375,1602852413.2064426
0.7449350859969854,0.0628662109375,1602852413.2168558
0.755366122990381,0.064788818359375,1602852413.2272515
0.7657680049887858,0.06719207763671875,1602852413.237666
0.7761596129857935,0.0695953369140625,1602852413.248128
0.7866355159785599,0.07199859619140625,1602852413.2585309
0.7970326439826749,0.07488250732421875,1602852413.2689538
0.8074611090123653,0.0772857666015625,1602852413.2793908
0.8178977529751137,0.0792083740234375,1602852413.289795
0.8283630599617027,0.0811309814453125,1602852413.3002608
0.838770238973666,0.0830535888671875,1602852413.3106868
0.849186206003651,0.0849761962890625,1602852413.3211074
0.8596023200079799,0.0868988037109375,1602852413.3315177
0.8700212019612081,0.08930206298828125,1602852413.341915
0.8804180049919523,0.09122467041015625,1602852413.3523028
0.8908291109837592,0.0936279296875,1602852413.3627398
0.9012423579697497,0.0792083740234375,1602852413.373144
0.9116884190007113,0.0792083740234375,1602852413.3836117
0.9221066709724255,0.0794525146484375,1602852413.394002
0.932490503997542,0.07993316650390625,1602852413.4043853
0.9428779389709234,0.08089447021484375,1602852413.4147847
0.9532915349700488,0.0813751220703125,1602852413.4251842
0.9636741449940018,0.08233642578125,1602852413.4355733
0.9740762679721229,0.08281707763671875,1602852413.4460115
0.9845144129940309,0.08377838134765625,1602852413.4564226
0.9949224519659765,0.084259033203125,1602852413.4668493
1.0053608139860444,0.0852203369140625,1602852413.4772582
1.1058255530078895,0.09171295166015625,1602852413.5777311
1.2063116589561105,0.0982208251953125,1602852413.6782124
1.3067790719796903,0.10375213623046875,1602852413.7787125
1.407276464975439,0.10976409912109375,1602852413.879183
1.5077543299994431,0.1160125732421875,1602852413.9796543
1.608224813011475,0.13115692138671875,1602852414.0801303
1.708698670961894,0.15374755859375,1602852414.1806023
1.809175739006605,0.1759490966796875,1602852414.2811222
1.9096922429744154,0.15335845947265625,1602852414.3816009
2.0101529939565808,0.15744781494140625,1602852414.4820764
2.1106458120048046,0.15769195556640625,1602852414.5825498
2.211119643994607,0.15793609619140625,1602852414.683025
2.3115957739646547,0.15914154052734375,1602852414.783527
2.4120987649657764,0.1656341552734375,1602852414.8840182
2.5125864750007167,0.1716461181640625,1602852414.9845176
2.6130905019817874,0.17767333984375,1602852415.0850234
2.7136039229808375,0.18320465087890625,1602852415.185508
2.8141122109955177,0.188720703125,1602852415.2860665
2.9146581679815426,0.194488525390625,1602852415.3865616
3.01513936399715,0.20001983642578125,1602852415.4871316
3.115734735969454,0.2055511474609375,1602852415.5876603
3.2162680439651012,0.210601806640625,1602852415.6882267
3.316821825981606,0.21588897705078125,1602852415.788722
3.417328184004873,0.220458984375,1602852415.8892303
3.517822798981797,0.22502899169921875,1602852415.9897232
3.6183301669661887,0.22815704345703125,1602852416.0902405
3.7188527960097417,0.23201751708984375,1602852416.190823
3.819425254012458,0.23369598388671875,1602852416.29133
3.91993942996487,0.2360992431640625,1602852416.3918538
4.020452431985177,0.23682403564453125,1602852416.4923809
4.120982747001108,0.237548828125,1602852416.5928776
4.221472363977227,0.2425994873046875,1602852416.6933727
4.3219883179990575,0.26422882080078125,1602852416.7939286
4.422520502004772,0.282012939453125,1602852416.8944287
4.523029873962514,0.30364227294921875,1602852416.994949
4.623555307975039,0.32575225830078125,1602852417.0954597
4.724062468972988,0.34497833251953125,1602852417.1960027
4.824603924003895,0.3623390197753906,1602852417.296512
4.925105586997233,0.3094673156738281,1602852417.39705
5.025670150003862,0.3154792785644531,1602852417.4975734
5.126175771991257,0.3210105895996094,1602852417.59811
5.226714024960529,0.3270225524902344,1602852417.6986542
5.327271086978726,0.3320732116699219,1602852417.7991734
5.427787144959439,0.3371238708496094,1602852417.8996923
5.528295108990278,0.3438682556152344,1602852418.0002053
5.628822083992418,0.3493995666503906,1602852418.100731
5.729358759999741,0.3554115295410156,1602852418.2012622
5.829922780976631,0.36081695556640625,1602852418.301842
5.930464517965447,0.3670654296875,1602852418.4024181
6.031032533966936,0.37163543701171875,1602852418.5029602
6.131552256993018,0.3742828369140625,1602852418.6034586
6.2320709109772,0.37764739990234375,1602852418.703989
6.332596817985177,0.38077545166015625,1602852418.804501
6.4331146979820915,0.3834228515625,1602852418.9050713
6.533666233008262,0.3865509033203125,1602852419.0055697
6.634164365008473,0.39017486572265625,1602852419.1060846
6.734673996979836,0.39041900634765625,1602852419.2065713
6.835181066999212,0.3904075622558594,1602852419.3071146
6.935782412008848,0.3949775695800781,1602852419.4076915
7.0362831960082985,0.3995475769042969,1602852419.5081844
7.136773525970057,0.4053153991699219,1602852419.6086872
7.2373269309755415,0.4103660583496094,1602852419.709273
7.337883548985701,0.4154167175292969,1602852419.809793
7.438448911998421,0.4199867248535156,1602852419.9103596
7.538957434007898,0.4250373840332031,1602852420.0109103
7.63949725398561,0.4308052062988281,1602852420.1113985
7.739986784989014,0.4350090026855469,1602852420.2119021
7.840504509978928,0.4376564025878906,1602852420.3124485
7.941057146992534,0.4410209655761719,1602852420.4129713
8.04157717898488,0.4441490173339844,1602852420.5134962
8.14209826500155,0.4467964172363281,1602852420.6140318
8.24264630797552,0.4499244689941406,1602852420.7145643
8.34316928399494,0.4516105651855469,1602852420.8151166
8.443756485008635,0.4523353576660156,1602852420.915668
8.544262740004342,0.4525794982910156,1602852421.016202
8.644812598999124,0.4573860168457031,1602852421.1167793
8.745406539994292,0.4626808166503906,1602852421.217333
8.845926377980504,0.4684562683105469,1602852421.317843
8.946434821991716,0.4739875793457031,1602852421.4183586
9.0469490349642,0.4795188903808594,1602852421.5189185
9.147513042960782,0.4857673645019531,1602852421.6194596
9.248029621958267,0.4912986755371094,1602852421.7199695
9.348591827962082,0.4949073791503906,1602852421.8204947
9.449100645957515,0.4985160827636719,1602852421.9210377
9.549615689960774,0.5011634826660156,1602852422.0215209
9.650085908011533,0.5042915344238281,1602852422.1220117
9.750622549967375,0.5083808898925781,1602852422.2225564
9.851134834985714,0.5112419128417969,1602852422.323062
9.951638716971502,0.5119819641113281,1602852422.4235606
10.052139025006909,0.5127067565917969,1602852422.5240712
11.053604968998116,0.6777420043945312,1602852423.5255153
12.055055134987924,0.6702880859375,1602852424.527005
13.056496050965507,0.7015724182128906,1602852425.5284076
14.057946315966547,0.7316360473632812,1602852426.529849
15.059425329964142,0.762298583984375,1602852427.531574
16.06115044798935,0.7782325744628906,1602852428.5331697
17.062728527991567,0.8046989440917969,1602852429.5348752
18.06442029500613,0.8323860168457031,1602852430.5363243
19.065778849995695,0.8579177856445312,1602852431.537673
20.067215901974123,0.8846206665039062,1602852432.539129
21.068660913966596,0.9116935729980469,1602852433.5405762
22.070160685980227,0.9476356506347656,1602852434.5420926
23.07164047396509,0.974456787109375,1602852435.543572
24.073109078977723,0.9976959228515625,1602852436.5450342
25.074566788971424,1.0275039672851562,1602852437.5464752
26.07601145998342,1.0704002380371094,1602852438.5479484
27.077490691968706,1.1217422485351562,1602852439.5493853
28.078929217008408,1.1460494995117188,1602852440.5509212
29.080443852988537,1.1738128662109375,1602852441.5523674
30.08190890896367,1.2120361328125,1602852442.5538335
31.083375048998278,1.3591728210449219,1602852443.5552745
32.08481531200232,1.5230751037597656,1602852444.5567267
33.08626715897117,1.6715965270996094,1602852445.5582016
34.087737413006835,1.4950599670410156,1602852446.5596476
35.08911611395888,1.5320816040039062,1602852447.56109
36.090639239992015,1.5780982971191406,1602852448.5625389
37.092058788985014,1.6245803833007812,1602852449.5639656
38.093502565985546,1.6564521789550781,1602852450.5654163
39.09495351696387,1.6850395202636719,1602852451.566879
40.09643535496434,1.7105674743652344,1602852452.568424
41.09795436996501,1.7410964965820312,1602852453.5698676
42.09940437995829,1.7698211669921875,1602852454.5713198
43.100865235959645,1.7907791137695312,1602852455.5728133
44.10235634801211,1.8103103637695312,1602852456.574267
45.103808472980745,1.8324508666992188,1602852457.5757248
46.105287527956534,1.8609580993652344,1602852458.5771978
47.10674498800654,1.8880081176757812,1602852459.5787077
48.108250467979815,1.9088478088378906,1602852460.5801563
49.10971149796387,1.9308929443359375,1602852461.5816169
50.11116577900248,1.9517135620117188,1602852462.5830758
51.11254513100721,1.9809455871582031,1602852463.5844715
52.114014588994905,2.0126724243164062,1602852464.585973
53.11550796800293,2.041889190673828,1602852465.5874465
54.11698306497419,2.0664138793945312,1602852466.5889256
55.118470843008254,2.085693359375,1602852467.5903988
56.1199419570039,2.1052284240722656,1602852468.5918717
57.12139755196404,2.129169464111328,1602852469.5933082
58.12284081795951,2.1582679748535156,1602852470.5947673
59.12432251201244,2.1860389709472656,1602852471.5962644
60.125812987971585,2.2141799926757812,1602852472.5977128
90.15634522296023,2.8592872619628906,1602852502.628293
120.19054144597612,3.4248809814453125,1602852532.662501
150.22118734801188,3.9687843322753906,1602852562.6931095
180.22716363996733,4.469913482666016,1602852592.6992335
210.257977894973,4.939201354980469,1602852622.7299416
240.288483265962,5.365657806396484,1602852652.7603912
270.3190688829636,6.238960266113281,1602852682.7910817
300.3496238339576,6.736106872558594,1602852712.8215504
330.38023955596145,7.191802978515625,1602852742.8521554
360.4108054009848,7.585079193115234,1602852772.8827584
390.4415278699598,8.001190185546875,1602852802.9134884
420.4706967159873,8.418792724609375,1602852832.9426455
450.50141710496973,8.771484375,1602852862.9733396
480.5319275619695,9.118709564208984,1602852893.0038714
510.5625602019718,9.425956726074219,1602852923.0344725
540.5930278219748,9.74267578125,1602852953.0649962
570.6236991169862,10.120288848876953,1602852983.095636
600.6542017099564,10.433269500732422,1602853013.1261175
660.7146791630075,10.947750091552734,1602853073.1866598
720.7752386690117,11.395988464355469,1602853133.2471993
780.8357981839799,11.814952850341797,1602853193.307725
840.8963497909717,12.184955596923828,1602853253.3684695
900.9570875949576,12.459766387939453,1602853313.4290607
961.0176542249974,12.607166290283203,1602853373.4897935
1021.078419980011,12.724540710449219,1602853433.5504646
1081.1392192349886,12.817436218261719,1602853493.6111722
1141.1998544500093,12.887504577636719,1602853553.6719584
1201.2605780859594,12.97011947631836,1602853613.7327068
1261.3213252489804,13.05758285522461,1602853673.7933478
1321.3820582730114,13.142349243164062,1602853733.8540058
1381.4426690099644,13.237468719482422,1602853793.9146702
1441.5033024739823,13.3564453125,1602853853.9754436
1501.5640695209731,13.477378845214844,1602853914.0361164
1561.6248408029787,13.613471984863281,1602853974.0967562
1621.6855043259566,13.775253295898438,1602854034.1574943
1681.7461347379722,13.966789245605469,1602854094.2182226
1741.8068824919756,11.336151123046875,1602854154.2790282
1801.8677915519802,10.278873443603516,1602854214.3400054
0,0,0
